<?xml version="1.0" encoding="iso-8859-1" ?>
<newsitem itemid="25029" id="root" date="1996-08-30" xml:lang="en">
<title>USA: Pre-scandal poll put Clinton 13 points ahead.</title>
<headline>Pre-scandal poll put Clinton 13 points ahead.</headline>
<dateline>WASHINGTON 1996-08-30</dateline>
<text>
<p>A poll released on Friday but conducted before a reported sex scandal in Bill Clinton's inner circle showed the president would beat Bob Dole by 13 points if the election were held now.</p>
<p>The CNN/USA Today poll of 622 registered voters gave the Democratic president and his running-mate Al Gore 51 percent of the vote, compared with 38 percent for Republicans Dole and vice presidential nominee Jack Kemp.</p>
<p>Billionaire Ross Perot got 7 percent, with 4 percent undecided, according to the poll conducted Aug. 28-29, before reports that Clinton political strategist Dick Morris had a long-running relationship with a self-described prostitute.</p>
<p>The poll, conducted by the Gallup organisation, was completed before Clinton accepted his party's nomination at the Democratic Convention in Chicago late on Thursday.</p>
<p>The poll, which had a margin of error of plus or minus 4 percentage points, showed Clinton had a 17-point lead in a two-way race with Dole, with 57 percent of the vote compared with 40 percent for Dole and 3 percent having no opinion.</p>
</text>
<copyright>(c) Reuters Limited 1996</copyright>
<metadata>
<codes class="bip:countries:1.0">
  <code code="USA">
    <editdetail attribution="Reuters BIP Coding Group" action="confirmed" date="1996-08-30"/>
  </code>
</codes>
<codes class="bip:topics:1.0">
  <code code="GCAT">
    <editdetail attribution="Reuters BIP Coding Group" action="confirmed" date="1996-08-30"/>
  </code>
  <code code="GPOL">
    <editdetail attribution="Reuters BIP Coding Group" action="confirmed" date="1996-08-30"/>
  </code>
  <code code="GVOTE">
    <editdetail attribution="Reuters BIP Coding Group" action="confirmed" date="1996-08-30"/>
  </code>
</codes>
<dc element="dc.date.created" value="1996-08-30"/>
<dc element="dc.publisher" value="Reuters Holdings Plc"/>
<dc element="dc.date.published" value="1996-08-30"/>
<dc element="dc.source" value="Reuters"/>
<dc element="dc.creator.location" value="WASHINGTON"/>
<dc element="dc.creator.location.country.name" value="USA"/>
<dc element="dc.source" value="Reuters"/>
</metadata>
</newsitem>
