<?xml version="1.0" encoding="iso-8859-1" ?>
<newsitem itemid="47424" id="root" date="1996-09-11" xml:lang="en">
<title>USA: U.S. municipal bond and tax ballot proposals.</title>
<headline>U.S. municipal bond and tax ballot proposals.</headline>
<text>
<p>BALLOT PROPOSALS</p>
<p>SEPT 14</p>
<p>--$14.8 million Mount Vernon Independent School District, Texas, general obligation school bonds.</p>
<p>SEPT 17</p>
<p>--$215 million King County, Wash., new park bonds.</p>
<p>--$41.105 million Spalding County, Ga., school GOs.</p>
<p>SEPT 21</p>
<p>--$18.7 million Llano Independent School District, Texas, school building GOs.</p>
<p>SEPT 28</p>
<p>--$174.6 million Richardson Independent School District, Texas, school GOs.</p>
<p>--$4 million Community Independent School District, Texas, GO school bonds.</p>
<p>--$2.5 million Lipan Independent School District, Texas, GO school bonds.</p>
<p>OCT 5</p>
<p>--$85 million Humble Ind Sch Dist, Texas, g.o. school bonds</p>
<p>--$66.8 million LaPorte Ind Sch Dist, Texas, school g.o.</p>
<p>bonds.</p>
<p>--$44.125 million Lake Travis Ind Sch Dist, Texas, g.o. school bonds.</p>
<p>--$11 million Hillsboro Ind Sch Dist, Texas, g.o. school bonds.</p>
<p>OCT 8</p>
<p>--$94.5 million Tulsa Ind Sch Dist, Okla., g.o school bonds.</p>
<p>OCT. 12</p>
<p>--$20 million Jasper Ind Sch Dist, Texas, g.o. school bonds.</p>
<p>OCT. 15</p>
<p>--Platteville School District, Wis., $15 million building bond issue.</p>
<p>NOV 5</p>
<p>--$3.9 billion, 10-year plan to build a 25-mile &quot;starter&quot; light rail system, develop 81 miles of commuter rail lines and improve bus service and highway express lanes, in Seattle, Wash. About $1.05 billion would be raised by issuing bonds.</p>
<p>--$2 billion Los Angeles Unified School District, Calif., school bonds.</p>
<p>--$1.8 billion North Carolina GO bonds for schools.</p>
<p>--$1.75 billion New York Clean Water, Clean Air Bond Act. Would fund a variety of environmental projects through-out the state.</p>
<p>--$995 million, California Proposition 204 - Safe, Clean, Reliable Water Supply Act. Would authorize the issuance of general obligation bonds to finance water programs.</p>
<p>--$950 million North Carolina GO bonds for highways.</p>
<p>--$750 million Los Angeles, Calif., park bonds.</p>
<p>--$700 million, California Proposition 205 - Youthful and Adult Offender Local Facilities Bond Act of 1996. Would authorize the issuance of general obligation bonds to construct, renovate, remodel and replace county juvenile and adult correctional facilities.</p>
<p>--$550 million West Virginia GO bonds for roads.</p>
<p>--$400 million, California Proposition 206 - Veterans' Bond Act of 1996. Would authorize the issuance of general obligation bonds to fund a program of farm, home and mobilehome loans.</p>
<p>--$319 million Los Angeles Cty, Calif., greenbelt, zoo improvement bonds.</p>
<p>--$300 million New Jersey port dredging bonds.</p>
<p>--$225 million Sacramento Unif Sch Dist, Calif., school g.o. bonds.</p>
<p>--$200 million Dade County, Fla., general obligation bonds for parks.</p>
<p>--$174.8 million Chesterfield Cty, Va., GO bonds for schools.</p>
<p>--Dade Cty, Fla., votes on whether tax money can be used to build $165 million basketball arena for Miami Heat.</p>
<p>--$115 million of Richmond Cty, Ga, GO bonds for schools.</p>
<p>--$100 million San Francisco, Calif., general obligation bonds.</p>
<p>--$100 million Colorado Springs, Colo., school bonds.</p>
<p>--$98.4 million Charlotte, N.C., GO bonds for streets and drainage.</p>
<p>--$43.8 million Arlington Cty, Va., county government g.o.bonds.</p>
<p>--$37 million Greensboro, N.C., general obligation bonds.</p>
<p>--$34 million Chesterfield Cty, Va., GO bonds for public safety.</p>
<p>--$30 million Cobb County, Ga., GO bonds for recreation.</p>
<p>--$29.1 million Arlington Cty, Va., g.o. school bonds.</p>
<p>--$25 million Greensboro, N.C., GO bonds for public safety.</p>
<p>--$13.5 million Chapel Hill, N.C., GO bonds for parks, streets and sidewalks.</p>
<p>--$12 million Sante Fe, N.M., bond measure to fund public works projects.</p>
</text>
<copyright>(c) Reuters Limited 1996</copyright>
<metadata>
<codes class="bip:countries:1.0">
  <code code="USA">
    <editdetail attribution="Reuters BIP Coding Group" action="confirmed" date="1996-09-11"/>
  </code>
</codes>
<codes class="bip:topics:1.0">
  <code code="E21">
    <editdetail attribution="Reuters BIP Coding Group" action="confirmed" date="1996-09-11"/>
  </code>
  <code code="E211">
    <editdetail attribution="Reuters BIP Coding Group" action="confirmed" date="1996-09-11"/>
  </code>
  <code code="E212">
    <editdetail attribution="Reuters BIP Coding Group" action="confirmed" date="1996-09-11"/>
  </code>
  <code code="ECAT">
    <editdetail attribution="Reuters BIP Coding Group" action="confirmed" date="1996-09-11"/>
  </code>
</codes>
<dc element="dc.publisher" value="Reuters Holdings Plc"/>
<dc element="dc.date.published" value="1996-09-11"/>
<dc element="dc.source" value="Reuters"/>
<dc element="dc.creator.location.country.name" value="USA"/>
<dc element="dc.source" value="Reuters"/>
</metadata>
</newsitem>
