<?xml version="1.0" encoding="iso-8859-1" ?>
<newsitem itemid="61644" id="root" date="1996-09-18" xml:lang="en">
<title>USA: BALANCE - Tenn. School Bond Authority at $6.6. mln.</title>
<headline>BALANCE - Tenn. School Bond Authority at $6.6. mln.</headline>
<dateline>NEW YORK 1996-09-18</dateline>
<text>
<p>The balance on a $55 million State of Tennessee School Bond Authority higher educational facilities, Series 1996 B, is at $6.69 million.</p>
<p>     5/1	    Amount	  Coupon	Price</p>
<p>    Maturity	(mln)	   (pct)	 (% of par)</p>
<p>--------------------------------------------------</p>
<p>    2000	    $2.275	  5.00	  4.50</p>
<p>    2001	    $0.780	  5.00	  4.60</p>
<p>    2007	    $3.635	  5.00	  5.20</p>
<p>Lehman Brothers</p>
<p>Goldman Sachs &amp; Co</p>
<p>JP Morgan Securities</p>
<p>First Chicago Capital Markets</p>
<p>Raymond James &amp; Associates</p>
<p>--U.S. Municipal Desk, 212-859-1650</p>
</text>
<copyright>(c) Reuters Limited 1996</copyright>
<metadata>
<codes class="bip:countries:1.0">
  <code code="USA">
    <editdetail attribution="Reuters BIP Coding Group" action="confirmed" date="1996-09-18"/>
  </code>
</codes>
<codes class="bip:topics:1.0">
  <code code="E21">
    <editdetail attribution="Reuters BIP Coding Group" action="confirmed" date="1996-09-18"/>
  </code>
  <code code="E212">
    <editdetail attribution="Reuters BIP Coding Group" action="confirmed" date="1996-09-18"/>
  </code>
  <code code="ECAT">
    <editdetail attribution="Reuters BIP Coding Group" action="confirmed" date="1996-09-18"/>
  </code>
</codes>
<dc element="dc.date.created" value="1996-09-18"/>
<dc element="dc.publisher" value="Reuters Holdings Plc"/>
<dc element="dc.date.published" value="1996-09-18"/>
<dc element="dc.source" value="Reuters"/>
<dc element="dc.creator.location" value="NEW YORK"/>
<dc element="dc.creator.location.country.name" value="USA"/>
<dc element="dc.source" value="Reuters"/>
</metadata>
</newsitem>
