<?xml version="1.0" encoding="iso-8859-1" ?>
<newsitem itemid="7914" id="root" date="1996-08-22" xml:lang="en">
<title>FINLAND: CAP-SHEKKI OFFERS VIKING LINE VOUCHERS FOR SAMPO.</title>
<headline>CAP-SHEKKI OFFERS VIKING LINE VOUCHERS FOR SAMPO.</headline>
<dateline>HELSINKI 1996-08-22</dateline>
<text>
<p>Cap-Shekki Kotimaa Oy said in a statement on Thursday it was offering to buy shares in insurance company Sampo and pay two Viking Line vouchers worth a total of 260 markka per share.</p>
<p>In addition, it said Viking Line would give special offers to holders of vouchers.</p>
<p>&quot;The offer is valid for all Sampo shareholders,&quot; the company said. &quot;The bid can be ended if the offered number of shares exceeds 100,000,&quot; it said.  </p>
<p>&quot;Cap-Shekki Kotimaa intends to sell the shares,&quot; it said.</p>
<p>A Viking Line spokesman said Cap-Shekki is an independent investment company.</p>
<p>Cap Shekki said the offer would be marketed to all registered Sampo A shareholders with one to 10 shares, and that it would buy a maximum of 10 shares per shareholder.</p>
<p>The offer was for one travel voucher worth 80 markka and one 180 markka voucher to spend on board.</p>
<p>The offer is valid between August 26 and September 28 and the vouchers can be used until February 13, 1997 it said.</p>
<p>&quot;The intention of the offer is to give (small shareholders) the opportunity to make use of their shares. The idea is also to bring new clients to Viking Line,&quot; the company said.</p>
<p>-- Helsinki newsroom +358-0-6805 0245</p>
</text>
<copyright>(c) Reuters Limited 1996</copyright>
<metadata>
<codes class="bip:countries:1.0">
  <code code="FIN">
    <editdetail attribution="Reuters BIP Coding Group" action="confirmed" date="1996-08-22"/>
  </code>
</codes>
<codes class="bip:industries:1.0">
  <code code="I74000">
    <editdetail attribution="Reuters BIP Coding Group" action="confirmed" date="1996-08-22"/>
  </code>
  <code code="I82001">
    <editdetail attribution="Reuters BIP Coding Group" action="confirmed" date="1996-08-22"/>
  </code>
</codes>
<codes class="bip:topics:1.0">
  <code code="C18">
    <editdetail attribution="Reuters BIP Coding Group" action="confirmed" date="1996-08-22"/>
  </code>
  <code code="C181">
    <editdetail attribution="Reuters BIP Coding Group" action="confirmed" date="1996-08-22"/>
  </code>
  <code code="CCAT">
    <editdetail attribution="Reuters BIP Coding Group" action="confirmed" date="1996-08-22"/>
  </code>
</codes>
<dc element="dc.date.created" value="1996-08-22"/>
<dc element="dc.publisher" value="Reuters Holdings Plc"/>
<dc element="dc.date.published" value="1996-08-22"/>
<dc element="dc.source" value="Reuters"/>
<dc element="dc.creator.location" value="HELSINKI"/>
<dc element="dc.creator.location.country.name" value="FINLAND"/>
<dc element="dc.source" value="Reuters"/>
</metadata>
</newsitem>
