<?xml version="1.0" encoding="iso-8859-1" ?>
<newsitem itemid="86068" id="root" date="1996-09-30" xml:lang="en">
<title>USA: Ballot questions and bond referendums by state.</title>
<headline>Ballot questions and bond referendums by state.</headline>
<text>
<p>ALABAMA</p>
<p>ALASKA</p>
<p>ARIZONA</p>
<p>ARKANSAS</p>
<p>CALIFORNIA</p>
<p>NOVEMBER 5:</p>
<p>--$2 billion Los Angeles Unified School District, Calif., school bonds.</p>
<p>--$995 million, California Proposition 204 - Safe, Clean, Reliable Water Supply Act. Would authorize the issuance of general obligation bonds to finance water programs.</p>
<p>--$750 million Los Angeles, Calif., park bonds.</p>
<p>--$700 million, California Proposition 205 - Youthful and Adult Offender Local Facilities Bond Act of 1996. Would authorize the issuance of general obligation bonds to construct and renovate county juvenile and adult correctional facilities.</p>
<p>--$400 million, Proposition 206 - Veterans' Bond Act of 1996. Would authorize the issuance of general obligation bonds to fund a program of farm, home and mobile home loans.</p>
<p>--$319 million Los Angeles County, Calif., greenbelt, zoo improvement bonds.</p>
<p>--$225 million Sacramento Unified School District, Calif., school GO bonds.</p>
<p>--$100 million San Francisco, Calif., GOs.</p>
<p>--Proposition 210 - Minimum Wage Increase. Increases the current state minimum wage of $4.25 per hour to $5.00 per hour on March 1, 1997 and then to $5.75 per hour on March 1, 1998.</p>
<p>--Proposition 217 - Top Income Tax Brackets. Continues highest tax rates of 10 percent and 11 percent on residents with taxable income over $100,000 and $200,000 respectively.</p>
<p>--Proposition 218 - Voter Approval for Local Government Taxes. Limits authority of local governments to impose taxes and property-related assessments, fees and charges. Requires majority of voters approve increases in general taxes and reiterates that two-thirds must approve special taxes. COLORADO</p>
<p>NOVEMBER 5</p>
<p>--$100 million Colorado Springs, Colo., school bonds. CONNECTICUT DELAWARE FLORIDA</p>
<p>NOVEMBER 5</p>
<p>--$200 million Dade County, Fla., GOs for parks.</p>
<p>--Dade County, Fla., votes on whether tax money can be used to build $165 million basketball arena for Miami Heat.</p>
<p>--Referendum on proposal requiring two-thirds voter approval for statewide tax increases.</p>
<p>--Escambia County, Fla., votes on property tax increase to fund land preservation.</p>
<p>GEORGIA</p>
<p>NOVEMBER 5</p>
<p>--$115 million of Richmond Cty, Ga, GOs for schools.</p>
<p>--$30 million Cobb County, Ga., GOs for recreation.</p>
<p>--Gwinnett County, Ga., votes on a one-cent sales tax increase to finance park, library and public safety projects.</p>
<p>--Referendum on proposal allowing school systems to use sales tax money for construction.</p>
<p>--Referendum on proposal to end intangibles tax.</p>
<p>HAWAII</p>
<p>IDAHO</p>
<p>ILLINOIS</p>
<p>NOVEMBER 5</p>
<p>Voters in 19 Illinois counties will be asked to approve a limit on local property tax increases.</p>
<p>Under the measure, annualincreases in local property tax collections would be capped at five percent or the rate of inflation, whichever is less.</p>
<p>The restriction would also prohibit the issuance of general obligation debt without voter approval. Counties slated to hold tax cap elections are: Boone, Champaign, Christian, Franklin, Jackson, Kankakee, Lee, Logan, Macoupin, Massac, Menard, Monroe,Morgan, Randolph, Sangamon, Schuyler, Union, Williamson and Winnebago.</p>
<p>INDIANA</p>
<p>IOWA</p>
<p>KANSAS</p>
<p>KENTUCKY</p>
<p>LOUISIANA</p>
<p>NOVEMBER 5</p>
<p>--State parishes vote whether to keep gambling legal. MAINE</p>
<p>NOVEMBER 5</p>
<p>Maine is planning to ask its voters to approve or reject a total of around $40 million of bond initiatives:</p>
<p>--$16.5 million to clean up public health, hazardous substance discharge sites, including tire stockpiles, with $9 million set aside for drinking water grants for cities and towns.</p>
<p>--$11 million to encourage job growth and economic vitality by helping agricultural enterprises and small businesses get capital.</p>
<p>--$10 million to clean up water pollution and drinking water problems.</p>
<p>--$3 million for capital improvements at state parks.  </p>
<p>MARYLAND</p>
<p>NOVEMBER 5</p>
<p>--$89.6 million Baltimore County, Md., GOs for schools.</p>
<p>--Prince George's County, Md., vote on proposal to repeal property tax cap.</p>
<p>MASSACHUSETTS</p>
<p>MICHIGAN</p>
<p>NOVEMBER 5</p>
<p>--Wayne County, Mich. - Voter approval for one percent hotel/motel tax, two percent car rental tax. Revenues from tax would pay off $80 million of bonds that would be sold to help finance a new $225 million domed stadium for the Detroit Lions football team in downtown Detroit.</p>
<p>MINNESOTA</p>
<p>MISSISSIPPI</p>
<p>NOVEMBER 5</p>
<p>--$23 million Harrison County, Miss., GOs for schools.</p>
<p>--$6.4 million west Jasper Cty, Miss., GOs for schools. MISSOURI</p>
<p>MONTANA</p>
<p>NEBRASKA</p>
<p>NOVEMBER 5</p>
<p>--Proposed constitutional amendments to limit local property taxes and make quality education a fundamental right.</p>
<p>NEW HAMPSHIRE</p>
<p>NEW JERSEY</p>
<p>OCTOBER 7</p>
<p>--$3.1 million East Amwell, N.J., school renovation bonds.</p>
<p>NOVEMBER 5</p>
<p>--Proposed constitutional amendment to dedicate four percent of corporate business taxes each year to environmental projects.</p>
<p>--$300 million port dredging bonds.</p>
<p>NEW MEXICO</p>
<p>NOVEMBER 5</p>
<p>--$12 million Sante Fe, N.M., bond measure to fund public works projects.</p>
<p>NEW YORK</p>
<p>NOVEMBER 5</p>
<p>--$1.75 billion New York Clean Water, Clean Air Bond Act. Would fund a variety of environmental projects through-out the state.</p>
<p>--$1.5 million Albany, N.Y., issue.</p>
<p>NEVADA</p>
<p>NORTH CAROLINA</p>
<p>NOVEMBER 5</p>
<p>--Constitutional amendment to give governor veto powers.</p>
<p>--$1.8 billion GOs for schools.</p>
<p>--$950 million GOs for highways.</p>
<p>--$98.4 million Charlotte, N.C., GOs for streets and drainage.</p>
<p>--$86.3 million Durham, N.C., GOs for streets, parks, housing and arts.</p>
<p>--$37 million Greensboro, N.C., GOs.</p>
<p>--$25 million Greensboro, N.C., GOs for public safety.</p>
<p>--$13.5 million Chapel Hill, N.C., GOs for parks, streets and sidewalks.</p>
<p>--$11.5 million Wilmington, N.C., GOs for stormwater drainage, parks and roads.</p>
<p>--$10 million Greensboro, N.C., GOs for housing.</p>
<p>--$6 million Apex, N.C., GOs.</p>
<p>NORTH DAKOTA</p>
<p>OHIO</p>
<p>NOVEMBER 5</p>
<p>--Constitutional amendment allowing casino gambling.</p>
<p>--13.5 mill property tax operating levy for Cleveland Public  Schools. OKLAHOMA</p>
<p>OCTOBER 8</p>
<p>--$94.5 million Tulsa Independent School District, Okla., GO school bonds.</p>
<p>OREGON</p>
<p>PENNSYLVANIA</p>
<p>RHODE ISLAND</p>
<p>SOUTH CAROLINA</p>
<p>NOVEMBER 5</p>
<p>--Constitutional amendment allowing state pension money to be invested in equities.</p>
<p>--Lexington County, S.C., to decide whether county should have power to use general fund revenues and property taxes to operate water and sewer systems.</p>
<p>--Dorchester County, S.C., votes on local-option sales tax to offset property taxes.</p>
<p>--Berkeley County, S.C., votes on local-option sales tax to offset property taxes.  </p>
<p>SOUTH DAKOTA</p>
<p>TENNESSEE</p>
<p>NOVEMBER 5</p>
<p>--Knoxville and Knox County, Tenn., vote on proposal to consolidate government.</p>
<p>TEXAS</p>
<p>SEPTEMBER 28</p>
<p>--$174.6 million Richardson Independent School District, Texas, GO school bonds.</p>
<p>--$4 million Community Independent School District, Texas, GO school bonds.</p>
<p>--$2.5 million Lipan Independent School District, Texas, GO school bonds.</p>
<p>OCTOBER 5</p>
<p>--$85 million Humble Independent School District, Texas, GO school bonds</p>
<p>--$66.8 million LaPorte Independent School District, Texas, GO school bonds.</p>
<p>--$44.125 million Lake Travis Independent School District, Texas, GO school bonds.</p>
<p>--$11 million Hillsboro Independent School District, Texas, GO school bonds.</p>
<p>OCT 12</p>
<p>--$20 million Jasper Independent School District, Texas, GO school bonds.</p>
<p>UTAH</p>
<p>--$9.9 million Washington County, Utah, GO bonds for a jail.</p>
<p>VERMONT</p>
<p>VIRGINIA</p>
<p>NOVEMBER 5</p>
<p>--$174.8 million Chesterfield County, Va., GOs for schools.</p>
<p>--$43.8 million Arlington County, Va., county government GOs.</p>
<p>--$34 million Chesterfield County, Va., GOs for public safety.</p>
<p>--$29.1 million Arlington County, Va., GO school bonds.</p>
<p>--$10.3 million Chesterfield County, Va., GOs for libraries.</p>
<p>--$9.3 million Chesterfield County, Va., GOs for parks. WASHINGTON</p>
<p>NOVEMBER 5</p>
<p>--$3.9 billion, 10-year plan to build a 25-mile &quot;starter&quot; light rail system, develop 81 miles of commuter rail lines and improve bus service and highway express lanes, in Seattle, Wash. About $1.05 billion would be raised by issuing bonds. WEST VIRGINIA</p>
<p>NOVEMBER 5</p>
<p>--$550 million GOs for roads.</p>
<p>WISCONSIN</p>
<p>OCTOBER 15</p>
<p>--$15 million Platteville School District, Wis., building bond issue.</p>
<p>WYOMING</p>
<p>--U.S. Municipal Desk, 212-859-1650</p>
</text>
<copyright>(c) Reuters Limited 1996</copyright>
<metadata>
<codes class="bip:countries:1.0">
  <code code="USA">
    <editdetail attribution="Reuters BIP Coding Group" action="confirmed" date="1996-09-30"/>
  </code>
</codes>
<codes class="bip:topics:1.0">
  <code code="E21">
    <editdetail attribution="Reuters BIP Coding Group" action="confirmed" date="1996-09-30"/>
  </code>
  <code code="E212">
    <editdetail attribution="Reuters BIP Coding Group" action="confirmed" date="1996-09-30"/>
  </code>
  <code code="ECAT">
    <editdetail attribution="Reuters BIP Coding Group" action="confirmed" date="1996-09-30"/>
  </code>
</codes>
<dc element="dc.publisher" value="Reuters Holdings Plc"/>
<dc element="dc.date.published" value="1996-09-30"/>
<dc element="dc.source" value="Reuters"/>
<dc element="dc.creator.location.country.name" value="USA"/>
<dc element="dc.source" value="Reuters"/>
</metadata>
</newsitem>
