<?xml version="1.0" encoding="iso-8859-1" ?>
<newsitem itemid="17930" id="root" date="1996-08-27" xml:lang="en">
<title>CHINA: China tourism revenues up 15.26 pct in Jan-June.</title>
<headline>China tourism revenues up 15.26 pct in Jan-June.</headline>
<dateline>BEIJING 1996-08-27</dateline>
<text>
<p>China's tourism industry earned $4.61 billion in foreign exchange in the first six months of this year, up 15.26 percent from the same 1995 period, the Financial News said on Tuesday.</p>
<p>Foreign tourists made 24.6 million trips to China between January and June, a year-on-year increase of 12.25 percent, the newspaper said, quoting statistics by the National Tourism Administration.</p>
<p>The figures were slightly higher than those previously reported by local media.</p>
<p>China hoped to attract 49 million tourists and generate $10.5 billion in foreign exchange revenues in 1997, the newspaper said. It gave no further details.</p>
</text>
<copyright>(c) Reuters Limited 1996</copyright>
<metadata>
<codes class="bip:countries:1.0">
  <code code="CHINA">
    <editdetail attribution="Reuters BIP Coding Group" action="confirmed" date="1996-08-27"/>
  </code>
</codes>
<codes class="bip:topics:1.0">
  <code code="E51">
    <editdetail attribution="Reuters BIP Coding Group" action="confirmed" date="1996-08-27"/>
  </code>
  <code code="E511">
    <editdetail attribution="Reuters BIP Coding Group" action="confirmed" date="1996-08-27"/>
  </code>
  <code code="ECAT">
    <editdetail attribution="Reuters BIP Coding Group" action="confirmed" date="1996-08-27"/>
  </code>
  <code code="GCAT">
    <editdetail attribution="Reuters BIP Coding Group" action="confirmed" date="1996-08-27"/>
  </code>
  <code code="GTOUR">
    <editdetail attribution="Reuters BIP Coding Group" action="confirmed" date="1996-08-27"/>
  </code>
</codes>
<dc element="dc.date.created" value="1996-08-27"/>
<dc element="dc.publisher" value="Reuters Holdings Plc"/>
<dc element="dc.date.published" value="1996-08-27"/>
<dc element="dc.source" value="Reuters"/>
<dc element="dc.creator.location" value="BEIJING"/>
<dc element="dc.creator.location.country.name" value="CHINA"/>
<dc element="dc.source" value="Reuters"/>
</metadata>
</newsitem>
