<?xml version="1.0" encoding="iso-8859-1" ?>
<newsitem itemid="61532" id="root" date="1996-09-18" xml:lang="en">
<title>USA: Maryland tourism industry grows to $5 bln a year.</title>
<headline>Maryland tourism industry grows to $5 bln a year.</headline>
<dateline>ANNAPOLIS, Md. 1996-09-18</dateline>
<text>
<p>Tourism has become Maryland's third largest industry, employing 50,000 people and generating more than $5 billion annually, Gov Parris Glendening said Wednesday.</p>
<p>The tourism industry contributes $365 million annually in state and local taxes.</p>
<p>Glendening made the remarks in a statement lauding the Route 13 Tourist Information Center in Wicomico County, which has attracted 22,000 visitors since it opened in May.</p>
<p>The 6,000-square-foot center was built as a public-private partnership with a $50,000 grant from the Maryland Board of Public Works, another $50,000 from the State Highway Administration, and $748,000 Wicomico County.</p>
<p>&quot;The tourism industry is a major provider of family-supporting jobs and tax revenue in Maryland, and the assistance that this center provides to tourists will help the growth of this important industry,&quot; Glendening said.</p>
<p>--Jane Sutton, 305-374-5013</p>
</text>
<copyright>(c) Reuters Limited 1996</copyright>
<metadata>
<codes class="bip:countries:1.0">
  <code code="USA">
    <editdetail attribution="Reuters BIP Coding Group" action="confirmed" date="1996-09-18"/>
  </code>
</codes>
<codes class="bip:topics:1.0">
  <code code="E51">
    <editdetail attribution="Reuters BIP Coding Group" action="confirmed" date="1996-09-18"/>
  </code>
  <code code="E511">
    <editdetail attribution="Reuters BIP Coding Group" action="confirmed" date="1996-09-18"/>
  </code>
  <code code="ECAT">
    <editdetail attribution="Reuters BIP Coding Group" action="confirmed" date="1996-09-18"/>
  </code>
  <code code="GCAT">
    <editdetail attribution="Reuters BIP Coding Group" action="confirmed" date="1996-09-18"/>
  </code>
  <code code="GTOUR">
    <editdetail attribution="Reuters BIP Coding Group" action="confirmed" date="1996-09-18"/>
  </code>
</codes>
<dc element="dc.date.created" value="1996-09-18"/>
<dc element="dc.publisher" value="Reuters Holdings Plc"/>
<dc element="dc.date.published" value="1996-09-18"/>
<dc element="dc.source" value="Reuters"/>
<dc element="dc.creator.location" value="ANNAPOLIS, Md."/>
<dc element="dc.creator.location.country.name" value="USA"/>
<dc element="dc.source" value="Reuters"/>
</metadata>
</newsitem>
