<?xml version="1.0" encoding="iso-8859-1" ?>
<newsitem itemid="69377" id="root" date="1996-09-22" xml:lang="en">
<title>EGYPT: Egypt earns record $3 billion a year from tourism.</title>
<headline>Egypt earns record $3 billion a year from tourism.</headline>
<dateline>CAIRO 1996-09-22</dateline>
<text>
<p>Egypt earned a record of more than $3 billion from tourism in the 1995-96 fiscal year, up 30.9 percent from the previous year, the government newspaper al-Gomhuria said on Sunday.</p>
<p>Tourism Minister Mamdouh el-Beltagi said in Alexandria that foreign exchange receipts from tourism amounted to just over $3 billion during the year, $710 million more than in 1994-95. The year ends on June 30.</p>
<p>According to figures released by the tourism ministry earlier, the number of people visiting Egypt in 1995-96 was 3.620 million, 27.8 percent more than in 1994-95.</p>
<p>Tourism in the 1995 calendar year had already matched the record-breaking year 1992. Attacks on tourist targets by Islamist militants had led to a slump in 1993 and 1994.</p>
<p>The last attack was in March this year, when gunmen massacred 18 Greek tourists outside a Cairo hotel. But it appeared to be an isolated incident and its effect on tourist arrivals was both minor and short-lived.</p>
<p>Tourism is Egypt's third largest source of foreign exchange, after remittances from Egyptians abroad and visible exports.</p>
</text>
<copyright>(c) Reuters Limited 1996</copyright>
<metadata>
<codes class="bip:countries:1.0">
  <code code="EGYPT">
    <editdetail attribution="Reuters BIP Coding Group" action="confirmed" date="1996-09-22"/>
  </code>
</codes>
<codes class="bip:topics:1.0">
  <code code="E51">
    <editdetail attribution="Reuters BIP Coding Group" action="confirmed" date="1996-09-22"/>
  </code>
  <code code="E511">
    <editdetail attribution="Reuters BIP Coding Group" action="confirmed" date="1996-09-22"/>
  </code>
  <code code="ECAT">
    <editdetail attribution="Reuters BIP Coding Group" action="confirmed" date="1996-09-22"/>
  </code>
  <code code="GCAT">
    <editdetail attribution="Reuters BIP Coding Group" action="confirmed" date="1996-09-22"/>
  </code>
  <code code="GTOUR">
    <editdetail attribution="Reuters BIP Coding Group" action="confirmed" date="1996-09-22"/>
  </code>
</codes>
<dc element="dc.date.created" value="1996-09-22"/>
<dc element="dc.publisher" value="Reuters Holdings Plc"/>
<dc element="dc.date.published" value="1996-09-22"/>
<dc element="dc.source" value="Reuters"/>
<dc element="dc.creator.location" value="CAIRO"/>
<dc element="dc.creator.location.country.name" value="EGYPT"/>
<dc element="dc.source" value="Reuters"/>
</metadata>
</newsitem>
