<?xml version="1.0" encoding="iso-8859-1" ?>
<newsitem itemid="72535" id="root" date="1996-09-24" xml:lang="en">
<title>CROATIA: Croatian tourism up on 1995, expects $1.3 bln.</title>
<headline>Croatian tourism up on 1995, expects $1.3 bln.</headline>
<dateline>ZAGREB 1996-09-24</dateline>
<text>
<p>Croatia's once lucrative tourist industry expects to earn $ 1.3 billion by the end of the year, over 50 percent up on 1995, when four-year long war with rebel minority Serbs ended, state news agency reported on Tuesday.</p>
<p>National Bank governor Marko Skreb, addressing a presidential council session on tourism, also said tourist income was expected to reach $3 billion in 2001, HINA said.</p>
<p>Last year's income totalled $800 million.</p>
<p>Tourism in federal Yugoslavia, from which Croatia seceded in 1991, cashed in during its best seasons up to $4.5 billion per year. At least half of it was made on Croatia's Adriatic coast.</p>
</text>
<copyright>(c) Reuters Limited 1996</copyright>
<metadata>
<codes class="bip:countries:1.0">
  <code code="CRTIA">
    <editdetail attribution="Reuters BIP Coding Group" action="confirmed" date="1996-09-24"/>
  </code>
</codes>
<codes class="bip:topics:1.0">
  <code code="E51">
    <editdetail attribution="Reuters BIP Coding Group" action="confirmed" date="1996-09-24"/>
  </code>
  <code code="E511">
    <editdetail attribution="Reuters BIP Coding Group" action="confirmed" date="1996-09-24"/>
  </code>
  <code code="ECAT">
    <editdetail attribution="Reuters BIP Coding Group" action="confirmed" date="1996-09-24"/>
  </code>
  <code code="GCAT">
    <editdetail attribution="Reuters BIP Coding Group" action="confirmed" date="1996-09-24"/>
  </code>
  <code code="GTOUR">
    <editdetail attribution="Reuters BIP Coding Group" action="confirmed" date="1996-09-24"/>
  </code>
</codes>
<dc element="dc.date.created" value="1996-09-24"/>
<dc element="dc.publisher" value="Reuters Holdings Plc"/>
<dc element="dc.date.published" value="1996-09-24"/>
<dc element="dc.source" value="Reuters"/>
<dc element="dc.creator.location" value="ZAGREB"/>
<dc element="dc.creator.location.country.name" value="CROATIA"/>
<dc element="dc.source" value="Reuters"/>
</metadata>
</newsitem>
