<?xml version="1.0" encoding="iso-8859-1" ?>
<newsitem itemid="78164" id="root" date="1996-09-26" xml:lang="en">
<title>SLOVENIA: Slovenia should invest more in tourism - official.</title>
<headline>Slovenia should invest more in tourism - official.</headline>
<dateline>LJUBLJANA 1996-09-26</dateline>
<text>
<p>Slovenia needs to increase significantly spending on developing and promoting tourism in order to boost income from the sector, an industry official said on Thursday.</p>
<p>&quot;By investing 25 million marks ($16.7 million) a year, tourism revenue could reach two billion dollars in five years,&quot; Franci Krizan, director of the Center for the Promotion of Tourism told a news conference.</p>
<p>The 1996 budget provided only 200 million tolars ($1.5 million) for tourist promotion, down from 360 million tolars the previous year.</p>
<p>Experts forecast tourism revenue of about $1.1 billion this year, unchanged from 1995.</p>
<p>In the first eight months of the year, the number of tourists in Slovenia rose four percent to 243,846. The number of foreign tourists was up by 12 percent, while the number of domestic tourists fell by three percent. -- Marja Novak, Ljubljana newsroom, 386-61-125-8439</p>
</text>
<copyright>(c) Reuters Limited 1996</copyright>
<metadata>
<codes class="bip:countries:1.0">
  <code code="SLVNIA">
    <editdetail attribution="Reuters BIP Coding Group" action="confirmed" date="1996-09-26"/>
  </code>
</codes>
<codes class="bip:topics:1.0">
  <code code="E51">
    <editdetail attribution="Reuters BIP Coding Group" action="confirmed" date="1996-09-26"/>
  </code>
  <code code="E511">
    <editdetail attribution="Reuters BIP Coding Group" action="confirmed" date="1996-09-26"/>
  </code>
  <code code="ECAT">
    <editdetail attribution="Reuters BIP Coding Group" action="confirmed" date="1996-09-26"/>
  </code>
  <code code="GCAT">
    <editdetail attribution="Reuters BIP Coding Group" action="confirmed" date="1996-09-26"/>
  </code>
  <code code="GTOUR">
    <editdetail attribution="Reuters BIP Coding Group" action="confirmed" date="1996-09-26"/>
  </code>
</codes>
<dc element="dc.date.created" value="1996-09-26"/>
<dc element="dc.publisher" value="Reuters Holdings Plc"/>
<dc element="dc.date.published" value="1996-09-26"/>
<dc element="dc.source" value="Reuters"/>
<dc element="dc.creator.location" value="LJUBLJANA"/>
<dc element="dc.creator.location.country.name" value="SLOVENIA"/>
<dc element="dc.source" value="Reuters"/>
</metadata>
</newsitem>
