<?xml version="1.0" encoding="iso-8859-1" ?>
<newsitem itemid="8007" id="root" date="1996-08-22" xml:lang="en">
<title>UK: British economy grew 0.4 percent in second quarter.</title>
<headline>British economy grew 0.4 percent in second quarter.</headline>
<dateline>LONDON 1996-08-22</dateline>
<text>
<p>The British economy grew by 0.4 percent in the second quarter of 1996, and by 1.8 percent compared with the second quarter of 1995, the Office for National Statistics said on Thursday.</p>
<p>The figures were unchanged from the previous official estimate.</p>
<p>The Treasury, commenting on the figures, said it expected growth to be stronger in the second half of the year.</p>
</text>
<copyright>(c) Reuters Limited 1996</copyright>
<metadata>
<codes class="bip:countries:1.0">
  <code code="UK">
    <editdetail attribution="Reuters BIP Coding Group" action="confirmed" date="1996-08-22"/>
  </code>
</codes>
<codes class="bip:topics:1.0">
  <code code="E11">
    <editdetail attribution="Reuters BIP Coding Group" action="confirmed" date="1996-08-22"/>
  </code>
  <code code="ECAT">
    <editdetail attribution="Reuters BIP Coding Group" action="confirmed" date="1996-08-22"/>
  </code>
</codes>
<dc element="dc.date.created" value="1996-08-22"/>
<dc element="dc.publisher" value="Reuters Holdings Plc"/>
<dc element="dc.date.published" value="1996-08-22"/>
<dc element="dc.source" value="Reuters"/>
<dc element="dc.creator.location" value="LONDON"/>
<dc element="dc.creator.location.country.name" value="UK"/>
<dc element="dc.source" value="Reuters"/>
</metadata>
</newsitem>
