<?xml version="1.0" encoding="iso-8859-1" ?>
<newsitem itemid="11151" id="root" date="1996-08-23" xml:lang="en">
<title>DOMINICAN REPUBLIC: Dominican president needs higher salary - spokesman.</title>
<headline>Dominican president needs higher salary - spokesman.</headline>
<dateline>SANTO DOMINGO, Dominican Republic 1996-08-22</dateline>
<text>
<p>The salaries of Leonel Fernandez, new president of the Dominican Republic, and other officials will have to be raised if his administration is to wipe out corruption, his spokesman said on Thursday.</p>
<p>Fernandez was taken aback when he learned his salary would be the equivalent of about US$300 per month, spokesman Miguel Guerrero said.</p>
<p>Fernandez will earn the same as his predecessor, Joaquin Balaguer, the blind, 89-year-old leader who served seven terms as the Caribbean nation's president.</p>
<p>The presidential salary of US$3,600 per year compares with $12,000 per year for members of his cabinet.</p>
<p>&quot;It has been a cause for concern,&quot; Guerrero said, noting that Fernandez, who is divorced, has two children. Fernandez, 42, had not made a lot of money in his career as a lawyer and has no independent fortune, he added.</p>
<p>Fernandez was inaugurated as president last Friday and said one of the most important tasks of his new government was to eliminate corruption.</p>
<p>To do this, Guerrero said, it was imperative to restructure the salary of the president, vice president, cabinet ministers and the rest of the public sector.</p>
<p>&quot;It will be impossible to confront corruption successfully with these salary levels,&quot; Guerrero said.</p>
</text>
<copyright>(c) Reuters Limited 1996</copyright>
<metadata>
<codes class="bip:countries:1.0">
  <code code="DOMR">
    <editdetail attribution="Reuters BIP Coding Group" action="confirmed" date="1996-08-23"/>
  </code>
</codes>
<codes class="bip:topics:1.0">
  <code code="GCAT">
    <editdetail attribution="Reuters BIP Coding Group" action="confirmed" date="1996-08-23"/>
  </code>
  <code code="GPOL">
    <editdetail attribution="Reuters BIP Coding Group" action="confirmed" date="1996-08-23"/>
  </code>
</codes>
<dc element="dc.date.created" value="1996-08-22"/>
<dc element="dc.publisher" value="Reuters Holdings Plc"/>
<dc element="dc.date.published" value="1996-08-23"/>
<dc element="dc.source" value="Reuters"/>
<dc element="dc.creator.location" value="SANTO DOMINGO, Dominican Republic"/>
<dc element="dc.creator.location.country.name" value="DOMINICAN REPUBLIC"/>
<dc element="dc.source" value="Reuters"/>
</metadata>
</newsitem>
