<?xml version="1.0" encoding="iso-8859-1" ?>
<newsitem itemid="11889" id="root" date="1996-08-23" xml:lang="en">
<title>USA: First Call Earnings Surprises for August 23.</title>
<headline>First Call Earnings Surprises for August 23.</headline>
<dateline>NEW YORK 1996-08-23</dateline>
<text>
<p>The following are lists of positive and negative earnings surprises compiled by First Call.  Earnings surprises and historical information are provided by First Call.</p>
<p>		     First Call Earnings Surprises</p>
<p>Positive Surprises</p>
<p>------------------</p>
<p>			     First Call</p>
<p>				    Consensus  Actual</p>
<p>Company Name	  Period     EPS	EPS  Surprise</p>
<p>Company Name	  Period     EPS	EPS  Surprise</p>
<p>Dimon Inc		Q4Jun96    0.26     0.41   57.7%</p>
<p>Schult Homes Corp    Q4Jun96    0.62     0.77   24.2%</p>
<p>Eagle Hardware	Q2Jul96    0.26     0.32   23.1%</p>
<p>Petroleum Helicoptrs Q1Jul96    0.31     0.38   22.6%</p>
<p>SBS Technologies    Q4Jun96    0.24     0.29   20.8%</p>
<p>Wind River Systems  Q2Jul96    0.11     0.13   18.2%</p>
<p>Renaissance Hotel    Q4Jun96    0.27     0.31   14.8%</p>
<p>WCI Steel Inc	  Q3Jul96    0.20     0.22   10.0%</p>
<p>Flow Internal Co    Q1Jul96    0.14     0.15    7.1%</p>
<p>SMART Modular	 Q3Jul96    0.29     0.31    6.9%</p>
<p>SMART Modular	 Q3Jul96    0.29     0.31    6.9%</p>
<p>Quanex Corp	     Q3Jul96    0.58     0.61    5.2%</p>
<p>Bon-Ton Stores	Q2Jul96   -0.19    -0.18     N+</p>
<p>Lanvision Systems   Q2Jul96   -0.07    -0.02     N+</p>
<p>Sharper Image (The) Q2Jul96   -0.15    -0.13     N+</p>
<p>Airport Systems     Q1Jul96    0.01     0.06    N/A</p>
<p>		 Negative Surprises</p>
<p>------------------</p>
<p>				First Call</p>
<p>				    Consensus  Actual</p>
<p>Company Name	  Period     EPS	EPS  Surprise</p>
<p>Catherines Stores   Q2Jul96    0.27     0.22  -18.5%</p>
<p>Graphic Industries I Q2Jul96    0.23     0.20  -13.0%</p>
<p>Circus Circus Entrp  Q2Jul96    0.40     0.36  -10.0%</p>
<p>CFM Technologies    Q3Jul96    0.14     0.13   -7.1%</p>
<p>Novell Inc	    Q3Jul96    0.18     0.17   -5.6%</p>
<p>Consilium Inc	 Q3Jul96    0.00    -0.07     N-</p>
<p>Handleman Co	   Q1Jul96   -0.14    -0.24     N-</p>
<p>InterTan Inc	   Q4Jun96   -0.47    -0.57     N-</p>
<p>Micro Component Tech Q4Jun96   -0.02    -0.07     N-</p>
<p>Michaels Stores Inc Q2Jul96   -0.31    -0.34     N-</p>
<p>				     Other Companies Reporting Today</p>
<p>Positive Reports</p>
<p>----------------</p>
<p>				  First Call</p>
<p>					 Consensus  Actual</p>
<p>Company Name	  Period     EPS	EPS     Diff</p>
<p>Toll Brothers Inc    Q3Jul96    0.41     0.43    4.9%</p>
<p>Rural Metro Corp    Q4Jun96    0.34     0.35    2.9%</p>
<p>Oppenheimer Capital  Q1Jul96    0.73     0.75    2.7%</p>
<p>NCI Building Systems Q3Jul96    0.85     0.85    0.0%</p>
<p>Baker (J.) Inc	Q2Jul96    0.11     0.11    0.0%</p>
<p>Kellwood Co	    Q1Jul96    0.27     0.27    0.0%</p>
<p>One Price Clothing  Q2Jul96    0.28     0.28    0.0%</p>
<p>Sunglass Hut Intl   Q2Jul96    0.36     0.36    0.0%</p>
<p>American Software  Q1Jul96   -0.06    -0.05     N+</p>
<p>Shoe Carnival Inc   Q2Jul96    0.06     0.07    N/A</p>
<p>Charming Shoppes    Q2Jul96    0.00     0.00    N/A</p>
<p>Garden Ridge	  Q2Jul96    0.04     0.04    N/A</p>
<p>		  Negative Reports</p>
<p>----------------</p>
<p>				First Call</p>
<p>				  Consensus  Actual</p>
<p>Company Name	 Period     EPS	EPS     Diff</p>
<p>Brown-Forman Cl    Q1Jul96    0.48     0.47   -2.1%</p>
<p>Bombay Co (The)     Q2Jul96   -0.04    -0.06     N-</p>
<p>Value Vision Intl  Q2Jul96    0.01     0.00    N/A</p>
<p>Legend:</p>
<p>N/A	All or some data necessary for calculation is</p>
<p>	   unavailable.</p>
<p>N/C	Not Calculable, e.g. divisor (Mean estimate) = 0, and</p>
<p>	   there is more than one estimate.</p>
<p>N+	 Actual EPS is larger than Mean estimate. Mean</p>
<p>	   estimate is negative or zero.</p>
<p>N-	 Actual EPS is smaller than Mean estimate. Mean</p>
<p>	   estimate is negative or zero.</p>
</text>
<copyright>(c) Reuters Limited 1996</copyright>
<metadata>
<codes class="bip:countries:1.0">
  <code code="USA">
    <editdetail attribution="Reuters BIP Coding Group" action="confirmed" date="1996-08-23"/>
  </code>
</codes>
<codes class="bip:industries:1.0">
  <code code="I22100">
    <editdetail attribution="Reuters BIP Coding Group" action="confirmed" date="1996-08-23"/>
  </code>
  <code code="I32000">
    <editdetail attribution="Reuters BIP Coding Group" action="confirmed" date="1996-08-23"/>
  </code>
  <code code="I32040">
    <editdetail attribution="Reuters BIP Coding Group" action="confirmed" date="1996-08-23"/>
  </code>
  <code code="I33020">
    <editdetail attribution="Reuters BIP Coding Group" action="confirmed" date="1996-08-23"/>
  </code>
  <code code="I3302004">
    <editdetail attribution="Reuters BIP Coding Group" action="confirmed" date="1996-08-23"/>
  </code>
  <code code="I3302021">
    <editdetail attribution="Reuters BIP Coding Group" action="confirmed" date="1996-08-23"/>
  </code>
  <code code="I34420">
    <editdetail attribution="Reuters BIP Coding Group" action="confirmed" date="1996-08-23"/>
  </code>
  <code code="I34430">
    <editdetail attribution="Reuters BIP Coding Group" action="confirmed" date="1996-08-23"/>
  </code>
  <code code="I34531">
    <editdetail attribution="Reuters BIP Coding Group" action="confirmed" date="1996-08-23"/>
  </code>
  <code code="I42400">
    <editdetail attribution="Reuters BIP Coding Group" action="confirmed" date="1996-08-23"/>
  </code>
  <code code="I42900">
    <editdetail attribution="Reuters BIP Coding Group" action="confirmed" date="1996-08-23"/>
  </code>
  <code code="I45300">
    <editdetail attribution="Reuters BIP Coding Group" action="confirmed" date="1996-08-23"/>
  </code>
  <code code="I47500">
    <editdetail attribution="Reuters BIP Coding Group" action="confirmed" date="1996-08-23"/>
  </code>
  <code code="I50100">
    <editdetail attribution="Reuters BIP Coding Group" action="confirmed" date="1996-08-23"/>
  </code>
  <code code="I5010022">
    <editdetail attribution="Reuters BIP Coding Group" action="confirmed" date="1996-08-23"/>
  </code>
  <code code="I61000">
    <editdetail attribution="Reuters BIP Coding Group" action="confirmed" date="1996-08-23"/>
  </code>
  <code code="I64500">
    <editdetail attribution="Reuters BIP Coding Group" action="confirmed" date="1996-08-23"/>
  </code>
  <code code="I64600">
    <editdetail attribution="Reuters BIP Coding Group" action="confirmed" date="1996-08-23"/>
  </code>
  <code code="I64800">
    <editdetail attribution="Reuters BIP Coding Group" action="confirmed" date="1996-08-23"/>
  </code>
  <code code="I65400">
    <editdetail attribution="Reuters BIP Coding Group" action="confirmed" date="1996-08-23"/>
  </code>
  <code code="I65600">
    <editdetail attribution="Reuters BIP Coding Group" action="confirmed" date="1996-08-23"/>
  </code>
  <code code="I6560002">
    <editdetail attribution="Reuters BIP Coding Group" action="confirmed" date="1996-08-23"/>
  </code>
  <code code="I66500">
    <editdetail attribution="Reuters BIP Coding Group" action="confirmed" date="1996-08-23"/>
  </code>
  <code code="I75000">
    <editdetail attribution="Reuters BIP Coding Group" action="confirmed" date="1996-08-23"/>
  </code>
  <code code="I83100">
    <editdetail attribution="Reuters BIP Coding Group" action="confirmed" date="1996-08-23"/>
  </code>
  <code code="I83940">
    <editdetail attribution="Reuters BIP Coding Group" action="confirmed" date="1996-08-23"/>
  </code>
  <code code="I95100">
    <editdetail attribution="Reuters BIP Coding Group" action="confirmed" date="1996-08-23"/>
  </code>
  <code code="I9741102">
    <editdetail attribution="Reuters BIP Coding Group" action="confirmed" date="1996-08-23"/>
  </code>
  <code code="I97912">
    <editdetail attribution="Reuters BIP Coding Group" action="confirmed" date="1996-08-23"/>
  </code>
</codes>
<codes class="bip:topics:1.0">
  <code code="C15">
    <editdetail attribution="Reuters BIP Coding Group" action="confirmed" date="1996-08-23"/>
  </code>
  <code code="C152">
    <editdetail attribution="Reuters BIP Coding Group" action="confirmed" date="1996-08-23"/>
  </code>
  <code code="CCAT">
    <editdetail attribution="Reuters BIP Coding Group" action="confirmed" date="1996-08-23"/>
  </code>
</codes>
<dc element="dc.date.created" value="1996-08-23"/>
<dc element="dc.publisher" value="Reuters Holdings Plc"/>
<dc element="dc.date.published" value="1996-08-23"/>
<dc element="dc.source" value="Reuters"/>
<dc element="dc.creator.location" value="NEW YORK"/>
<dc element="dc.creator.location.country.name" value="USA"/>
<dc element="dc.source" value="Reuters"/>
</metadata>
</newsitem>
