<?xml version="1.0" encoding="iso-8859-1" ?>
<newsitem itemid="24560" id="root" date="1996-08-30" xml:lang="en">
<title>SRI LANKA: PRESS DIGEST - Sri Lankan Newspapers - August 30.</title>
<headline>PRESS DIGEST - Sri Lankan Newspapers - August 30.</headline>
<text>
<p>Following are some of the main stories in Friday's Sri Lankan newspapers:</p>
<p>---</p>
<p>DAILY NEWS</p>
<p>Holderbank of Switzerland, the world's leading cement manufacturer, buys Puttalam Cement Co.</p>
<p>Half of Colombo's 16,000 port workers were off work on Wednesday to watch Sri Lanka play India in the Singer World Series cricket tournament, officials saiy.</p>
<p>---</p>
<p>THE ISLAND</p>
<p>Twenty-four policemen and five civillians killed in a separatist rebel strike on a Sinhalese village in northeast Sri Lanka.</p>
<p>Seventeen ships held up in Colombo harbour on Thursday after port workers stayed away on Wednesday to watch the cricket match between Sri Lanka and India, officials say.</p>
<p>---</p>
<p>LANKADEEPA</p>
<p>Four civillians and 25 policemen die in terrorist attack on Sinhalese village in northeast.</p>
<p>---</p>
<p>DIVAINA</p>
<p>Twenty-nine die in terrorist attck on Welikande in northeastern Sri Lanka. About 30 to 40 terrorists injured in the attack, says survivor.</p>
<p>---</p>
<p>DINAMINA</p>
<p>Government to upgrade 450 village schools at cost of 20 million rupees in next four years, say government sources.</p>
<p>--Colombo newsroom tel 941-434319</p>
</text>
<copyright>(c) Reuters Limited 1996</copyright>
<metadata>
<codes class="bip:countries:1.0">
  <code code="SRILAN">
    <editdetail attribution="Reuters BIP Coding Group" action="confirmed" date="1996-08-30"/>
  </code>
</codes>
<codes class="bip:topics:1.0">
  <code code="GCAT">
    <editdetail attribution="Reuters BIP Coding Group" action="confirmed" date="1996-08-30"/>
  </code>
</codes>
<dc element="dc.publisher" value="Reuters Holdings Plc"/>
<dc element="dc.date.published" value="1996-08-30"/>
<dc element="dc.source" value="Reuters"/>
<dc element="dc.creator.location.country.name" value="SRI LANKA"/>
<dc element="dc.source" value="Reuters"/>
</metadata>
</newsitem>
