<?xml version="1.0" encoding="iso-8859-1" ?>
<newsitem itemid="27297" id="root" date="1996-09-02" xml:lang="en">
<title>HONG KONG: Man steals rare Green Turtle eggs in Hong Kong.</title>
<headline>Man steals rare Green Turtle eggs in Hong Kong.</headline>
<dateline>HONG KONG 1996-09-02</dateline>
<text>
<p>Hong Kong conservationists were left horrified when a passerby took the eggs laid by the endangered Green Turtle after the reptile returned to the water, an official said on Monday.</p>
<p>Green Turtles used to nest on one of Hong Kong's offshore islands until pollution and increasing numbers of people drove them away.</p>
<p>So when word spread over the weekend that a rare Green turtle had been spotted for the first time in many years laying eggs on the beach on the southern side of Lamma Island, conservationists were delighted.</p>
<p>But their delight soon turned fury when they realised the eggs had been pinched by the passerby, said Frazer McGilvray, spokesman for the Hong Kong Marine Conservation Society.</p>
<p>The collecter gave the protected eggs away his friends as presents, he added.</p>
<p>It is a criminal offence to take turtle eggs in Hong Kong. But it was not immediately known whether the passerby, whose identity was not divulged, would be charged.</p>
</text>
<copyright>(c) Reuters Limited 1996</copyright>
<metadata>
<codes class="bip:countries:1.0">
  <code code="HKONG">
    <editdetail attribution="Reuters BIP Coding Group" action="confirmed" date="1996-09-02"/>
  </code>
</codes>
<codes class="bip:topics:1.0">
  <code code="GCAT">
    <editdetail attribution="Reuters BIP Coding Group" action="confirmed" date="1996-09-02"/>
  </code>
  <code code="GCRIM">
    <editdetail attribution="Reuters BIP Coding Group" action="confirmed" date="1996-09-02"/>
  </code>
  <code code="GENV">
    <editdetail attribution="Reuters BIP Coding Group" action="confirmed" date="1996-09-02"/>
  </code>
</codes>
<dc element="dc.date.created" value="1996-09-02"/>
<dc element="dc.publisher" value="Reuters Holdings Plc"/>
<dc element="dc.date.published" value="1996-09-02"/>
<dc element="dc.source" value="Reuters"/>
<dc element="dc.creator.location" value="HONG KONG"/>
<dc element="dc.creator.location.country.name" value="HONG KONG"/>
<dc element="dc.source" value="Reuters"/>
</metadata>
</newsitem>
