<?xml version="1.0" encoding="iso-8859-1" ?>
<newsitem itemid="30000" id="root" date="1996-09-03" xml:lang="en">
<title>SRI LANKA: PRESS DIGEST - Sri Lanka Newspapers - September 3.</title>
<headline>PRESS DIGEST - Sri Lanka Newspapers - September 3.</headline>
<text>
<p>Following are some of the main stories in Tuesday's Sri Lankan newspapers.</p>
<p>---</p>
<p>DAILY NEWS</p>
<p>President Chandrika Kumaratunga seeks UNDP (United Nations Development Programme) to rebuild Jaffna, former Tamil rebel stronghold.</p>
<p>Interpol on alert for Sri Lankan Tamil Tiger rebels' heroin smuggling.</p>
<p>---</p>
<p>THE ISLAND</p>
<p>Nurses threaten to strike if government does not solve outstanding salary anomalies.</p>
<p>Sri Lanka police celebrates 130 years of service.</p>
<p>---</p>
<p>LANKADEEPA</p>
<p>Separatist Liberation Tigers of Tamil Eelam recruit 500 minors by force.</p>
<p>---</p>
<p>DIVAINA</p>
<p>Moslems in the east call for their own autonomous regions as government discusses its devolution proposals.</p>
<p>---</p>
<p>DINAMINA</p>
<p>Government launches semi-luxury bus service for office commuters.</p>
<p>---</p>
<p>VEERAKESARI</p>
<p>Minority Tamil detainees in two prisons go on hunger strike demanding they be brought before courts or released.</p>
<p>---</p>
<p>THINAKARAN</p>
<p>Police recover grenades and guns from southern Colombo suburb.</p>
<p>--Colombo newsroom tel 941-434319</p>
</text>
<copyright>(c) Reuters Limited 1996</copyright>
<metadata>
<codes class="bip:countries:1.0">
  <code code="SRILAN">
    <editdetail attribution="Reuters BIP Coding Group" action="confirmed" date="1996-09-03"/>
  </code>
</codes>
<codes class="bip:topics:1.0">
  <code code="GCAT">
    <editdetail attribution="Reuters BIP Coding Group" action="confirmed" date="1996-09-03"/>
  </code>
</codes>
<dc element="dc.publisher" value="Reuters Holdings Plc"/>
<dc element="dc.date.published" value="1996-09-03"/>
<dc element="dc.source" value="Reuters"/>
<dc element="dc.creator.location.country.name" value="SRI LANKA"/>
<dc element="dc.source" value="Reuters"/>
</metadata>
</newsitem>
