<?xml version="1.0" encoding="iso-8859-1" ?>
<newsitem itemid="3401" id="root" date="1996-08-20" xml:lang="en">
<title>MEXICO: Mexico Rice Council opposes lifting Asian rice ban.</title>
<headline>Mexico Rice Council opposes lifting Asian rice ban.</headline>
<dateline>MEXICO CITY 1996-08-20</dateline>
<text>
<p>The Mexican Rice Council is firmly against the lifting of a four-year ban on Asian rice imports, the director of the private sector grouping said Tuesday.</p>
<p>&quot;We radically oppose the lifting of the embargo,&quot; Antonio Lajud told Reuters in a telephone interview.</p>
<p>The council represents the country's 13,000 rice growers and the 23 major businesses that control 98 percent of all Mexican rice sales.</p>
<p>The Mexican government is allegedly planning soon to lift the ban on Asian rice that was implemented in 1992.  </p>
<p>&quot;We have not even been invited to the negotiations (to lift the ban),&quot; Lajud said.</p>
<p>Talks are allegedly on-going between the Agriculture Ministry and representatives from Asian governments, including Thailand, he said.</p>
<p>&quot;We are not interested in buying inferior quality rice from Thailand, or Vietnam, or wherever...if the ban is lifted we just will not buy the rice,&quot; he said.</p>
<p>Lajud said the council intended to mobilise the industry if the ban were eased and protest such a move. &quot;We are just not going to allow them to lift the ban,&quot; he said.  </p>
<p>There will be important protests by the industry,&quot; he added.</p>
<p>&quot;The ban was implemented in the first place because of the serious infestations Asian imports caused in our own rice fields...we have managed to turn that around and have our sights set on self-sufficiency,&quot; he added.</p>
<p>Mexico slapped import ban on Asian rice back in 1992 on phytosanitary grounds, stopping imports from Thailand, Vietnam, China and Indonesia. The government claimed it found some Asian shipments were contaminated with bacteria and insects.  </p>
<p>Mexico bought about 40,000 of medium grade 10-15 percent Thai white rice a year before the 1992 ban. Vietnam also sold Mexico rice in the early 1990s, largely by heavily undercutting U.S. rice prices.</p>
<p>Mexico consumes around 400,000 tonnes of white rice, and currently produces about half that amount and imports the other 50 percent from the United States.</p>
<p>&quot;This council was founded in 1994 to bring order to the market that followed the infected imports and we have done that...now they want to return to chaos again,&quot; Lajud said, adding that Agriculture Ministry officials were refusing to answer his phone calls.</p>
<p>Agriculture Ministry spokesmen were not immediately available for comment.</p>
<p>Lajud said he had heard that the ban could be lifted as soon as August 26. Such moves are published in the government's Official Gazette, and rarely given much media publicity beforehand.</p>
<p>--Chris Aspin, Mexico City newsroom (525) 7289530.</p>
</text>
<copyright>(c) Reuters Limited 1996</copyright>
<metadata>
<codes class="bip:countries:1.0">
  <code code="ASIA">
    <editdetail attribution="Reuters BIP Coding Group" action="confirmed" date="1996-08-20"/>
  </code>
  <code code="MEX">
    <editdetail attribution="Reuters BIP Coding Group" action="confirmed" date="1996-08-20"/>
  </code>
</codes>
<codes class="bip:industries:1.0">
  <code code="I01001">
    <editdetail attribution="Reuters BIP Coding Group" action="confirmed" date="1996-08-20"/>
  </code>
  <code code="I0100132">
    <editdetail attribution="Reuters BIP Coding Group" action="confirmed" date="1996-08-20"/>
  </code>
</codes>
<codes class="bip:topics:1.0">
  <code code="C13">
    <editdetail attribution="Reuters BIP Coding Group" action="confirmed" date="1996-08-20"/>
  </code>
  <code code="C31">
    <editdetail attribution="Reuters BIP Coding Group" action="confirmed" date="1996-08-20"/>
  </code>
  <code code="C311">
    <editdetail attribution="Reuters BIP Coding Group" action="confirmed" date="1996-08-20"/>
  </code>
  <code code="C34">
    <editdetail attribution="Reuters BIP Coding Group" action="confirmed" date="1996-08-20"/>
  </code>
  <code code="CCAT">
    <editdetail attribution="Reuters BIP Coding Group" action="confirmed" date="1996-08-20"/>
  </code>
</codes>
<dc element="dc.date.created" value="1996-08-20"/>
<dc element="dc.publisher" value="Reuters Holdings Plc"/>
<dc element="dc.date.published" value="1996-08-20"/>
<dc element="dc.source" value="Reuters"/>
<dc element="dc.creator.location" value="MEXICO CITY"/>
<dc element="dc.creator.location.country.name" value="MEXICO"/>
<dc element="dc.source" value="Reuters"/>
</metadata>
</newsitem>
