<?xml version="1.0" encoding="iso-8859-1" ?>
<newsitem itemid="47449" id="root" date="1996-09-11" xml:lang="en">
<title>USA: MGE wheat/barley/shrimp deliveries - Sept 11.</title>
<headline>MGE wheat/barley/shrimp deliveries - Sept 11.</headline>
<dateline>MINNEAPOLIS 1996-09-11</dateline>
<text>
<p>The Minneapolis Grain Exchange Grain reported the following deliveries against September futures (wheat in 000 bu, shrimp in lots) -</p>
<p>SPRING WHEAT - Nil. Up to June 7, 1996.</p>
<p>WHITE WHEAT - Nil. Up to May 24, 1996.</p>
<p>BARLEY - Nil. Up to Sept 2, 1996.</p>
<p>BLACK TIGER SHRIMP - Nil. Up to July 31, 1996.</p>
<p>WHITE SHRIMP - Nil.</p>
<p>H=House. C=Customer account.</p>
<p>(Chicago newsdesk 312 408 8720)</p>
</text>
<copyright>(c) Reuters Limited 1996</copyright>
<metadata>
<codes class="bip:countries:1.0">
  <code code="USA">
    <editdetail attribution="Reuters BIP Coding Group" action="confirmed" date="1996-09-11"/>
  </code>
</codes>
<codes class="bip:topics:1.0">
  <code code="M14">
    <editdetail attribution="Reuters BIP Coding Group" action="confirmed" date="1996-09-11"/>
  </code>
  <code code="M141">
    <editdetail attribution="Reuters BIP Coding Group" action="confirmed" date="1996-09-11"/>
  </code>
  <code code="MCAT">
    <editdetail attribution="Reuters BIP Coding Group" action="confirmed" date="1996-09-11"/>
  </code>
</codes>
<dc element="dc.date.created" value="1996-09-11"/>
<dc element="dc.publisher" value="Reuters Holdings Plc"/>
<dc element="dc.date.published" value="1996-09-11"/>
<dc element="dc.source" value="Reuters"/>
<dc element="dc.creator.location" value="MINNEAPOLIS"/>
<dc element="dc.creator.location.country.name" value="USA"/>
<dc element="dc.source" value="Reuters"/>
</metadata>
</newsitem>
