<?xml version="1.0" encoding="iso-8859-1" ?>
<newsitem itemid="52319" id="root" date="1996-09-13" xml:lang="en">
<title>UK: Dirty tanker fixtures and enquiries - 1212 GMT.</title>
<headline>Dirty tanker fixtures and enquiries - 1212 GMT.</headline>
<dateline>LONDON 1996-09-13</dateline>
<text>
<p>Latest fixtures</p>
<p>(in thousands of tonnes)</p>
<p>- MIDEAST GULF/RED SEA</p>
<p>Juno 350 05/10 Mideast/Red Sea W42.5 BP.</p>
<p>- ASIA/PACIFIC</p>
<p>Pacific Saturn 86 27/09 Bintulu/Rep.Korea W112.5 Yukong.</p>
<p>- MED./BLACK SEA</p>
<p>Sunda 135 03/10 Sidi Kerir/Paulsboro W77.5 Mobil.</p>
<p>Sea Dancer 125 25/09 Novorossisk/UKCM rnr Crown.</p>
<p>Alandia Lynx 80 20/09 Libya/Med. W97.5 ELF.</p>
<p>Enalios Triton 80 17/09 Tartous/Spain W100 Repsol.</p>
<p>Athenian Faith 80 16/09 Ras Lanuf/Rijeka W95 Sinochem.</p>
<p>Velimir Skorpic 80 24/09 Bouri/Spain W102.5 Repsol.</p>
<p>- WEST AFRICA</p>
<p>Zante 245 03/10 WAF/Taiwan W48.5 CPC.</p>
<p>Evoikos 132 02/10 Nigeria/USG W85 Statoil.</p>
<p>Cairo Sea 130 02/10 WAF/USG W81.25 Sohio.</p>
<p>Knock Muir 130 28/09 Qua Iboe/Lavera W87.5 Exxon.</p>
<p>- UK/CONT.</p>
<p>Trinidad Sea 150 -/09 N.Sea/options W75 Arcadia.</p>
<p>Trinidad Brilliance 139 28/09 Mongstad/USG W85 Statoil.</p>
<p>Nikator 135 23/09 N.Sea/USG W75 J.P.Morgan.</p>
<p>Glenross 80 23/09 Sullom Voe/Milford Haven W92.5 Chevron.</p>
<p>Framura 80 21/09 Flotta/Bilbao W95 Petronor.</p>
<p>Laura 80 22/09 Hamble/UKC W95 Total.</p>
<p>- WESTERN HEMISPHERE</p>
<p>SCF Star 73 26/09 Port Miranda/Spain W115 Cepsa.</p>
<p>- FUEL OIL</p>
<p>BT Navigator 50 15/09 Caribs/USG W125 Hunt.</p>
<p>Condor 50 14/09 Caribs/USG W127.5 Coastal.</p>
<p>- ENQUIRIES</p>
<p>KPC 270/350 Mideast/USG 28-29/09.</p>
<p>Hanwha VLCC Mideast/Rep.Korea 28/09.</p>
<p>Adnatco 120 Yanbu/Mohammedia 29/09.</p>
<p>Samir 120 Yanbu/Mohammedia 1-5/10.</p>
<p>Tupras 149 Sidi Kerir/Turkey 20/09.</p>
<p>Petrobras 130 WAF/Brazil 9-10/10.</p>
<p>--Mike Blouki, London Newsroom + 44 171 542 8980</p>
</text>
<copyright>(c) Reuters Limited 1996</copyright>
<metadata>
<codes class="bip:countries:1.0">
  <code code="UK">
    <editdetail attribution="Reuters BIP Coding Group" action="confirmed" date="1996-09-13"/>
  </code>
</codes>
<codes class="bip:topics:1.0">
  <code code="M14">
    <editdetail attribution="Reuters BIP Coding Group" action="confirmed" date="1996-09-13"/>
  </code>
  <code code="MCAT">
    <editdetail attribution="Reuters BIP Coding Group" action="confirmed" date="1996-09-13"/>
  </code>
</codes>
<dc element="dc.date.created" value="1996-09-13"/>
<dc element="dc.publisher" value="Reuters Holdings Plc"/>
<dc element="dc.date.published" value="1996-09-13"/>
<dc element="dc.source" value="Reuters"/>
<dc element="dc.creator.location" value="LONDON"/>
<dc element="dc.creator.location.country.name" value="UK"/>
<dc element="dc.source" value="Reuters"/>
</metadata>
</newsitem>
