<?xml version="1.0" encoding="iso-8859-1" ?>
<newsitem itemid="62388" id="root" date="1996-09-18" xml:lang="en">
<title>FRANCE: Parliament adopts species trade report.</title>
<headline>Parliament adopts species trade report.</headline>
<dateline>STRASBOURG 1996-09-18</dateline>
<text>
<p>The European Parliament adopted on Wednesday its report on rules regulating the trade in wild animals and plants, passing a series of amendments to the European Commission's proposal in the process.</p>
<p>The vote completed parliament's second reading, under the cooperation procedure, of European Commission proposal COM(91)448 for a Regulation on the trade of wild animals and plants.</p>
<p>The proposal lays down provisions for the issue of import and export licences for traders, which are intended to tighten the application of CITES rules for trade in endangered species.</p>
<p>Dutch Socialist Maartje van Putten had put forward 24 amendments intended to cut species death rates during transport, to provide for freer public access to trade data and for increased member state and Commission reporting on trade patterns.</p>
<p>A further 14 amendments were added by others by the time of the vote.</p>
<p>Euro-MPs adopted amendments 1 to 5, 7 to 13, 15 to 17 and 20 to 23, rejecting all the others.</p>
</text>
<copyright>(c) Reuters Limited 1996</copyright>
<metadata>
<codes class="bip:countries:1.0">
  <code code="EEC">
    <editdetail attribution="Reuters BIP Coding Group" action="confirmed" date="1996-09-18"/>
  </code>
</codes>
<codes class="bip:topics:1.0">
  <code code="G15">
    <editdetail attribution="Reuters BIP Coding Group" action="confirmed" date="1996-09-18"/>
  </code>
  <code code="G156">
    <editdetail attribution="Reuters BIP Coding Group" action="confirmed" date="1996-09-18"/>
  </code>
  <code code="GCAT">
    <editdetail attribution="Reuters BIP Coding Group" action="confirmed" date="1996-09-18"/>
  </code>
</codes>
<dc element="dc.date.created" value="1996-09-18"/>
<dc element="dc.publisher" value="Reuters Holdings Plc"/>
<dc element="dc.date.published" value="1996-09-18"/>
<dc element="dc.source" value="Reuters"/>
<dc element="dc.creator.location" value="STRASBOURG"/>
<dc element="dc.creator.location.country.name" value="FRANCE"/>
<dc element="dc.source" value="Reuters"/>
</metadata>
</newsitem>
