<?xml version="1.0" encoding="iso-8859-1" ?>
<newsitem itemid="85322" id="root" date="1996-09-30" xml:lang="en">
<title>USA: Bones of giant sea turtle found in South Dakota.</title>
<headline>Bones of giant sea turtle found in South Dakota.</headline>
<dateline>RAPID CITY, S.D. 1996-09-30</dateline>
<text>
<p>The fossilized remains of one the largest known sea turtles -- probably 20 feet (six metres) wide -- have been found in South Dakota, it was announced on Monday.</p>
<p>The South Dakata School of Mines and Technology said the skeleton was found near the city of Pierre in a shale bank last month.</p>
<p>The animal, called Archelon, had a shell 12 feet (3.6 metres) across and from the tips of its flippers could have been 20 feet wide and more than double the weight of today's sea turtles, the announcement said.</p>
<p>The turtle roamed the region toward the end of the age of dinosaurs, about 70 million years ago, when much of the area was covered by water.</p>
<p>The fossilized bones are not the first Archelon found in the state but comprise one of the most complete remains yet uncovered, the school said.</p>
<p>The skeleton eventually will be put on display at the school's geology museum.</p>
</text>
<copyright>(c) Reuters Limited 1996</copyright>
<metadata>
<codes class="bip:countries:1.0">
  <code code="USA">
    <editdetail attribution="Reuters BIP Coding Group" action="confirmed" date="1996-09-30"/>
  </code>
</codes>
<codes class="bip:topics:1.0">
  <code code="GCAT">
    <editdetail attribution="Reuters BIP Coding Group" action="confirmed" date="1996-09-30"/>
  </code>
  <code code="GENV">
    <editdetail attribution="Reuters BIP Coding Group" action="confirmed" date="1996-09-30"/>
  </code>
</codes>
<dc element="dc.date.created" value="1996-09-30"/>
<dc element="dc.publisher" value="Reuters Holdings Plc"/>
<dc element="dc.date.published" value="1996-09-30"/>
<dc element="dc.source" value="Reuters"/>
<dc element="dc.creator.location" value="RAPID CITY, S.D."/>
<dc element="dc.creator.location.country.name" value="USA"/>
<dc element="dc.source" value="Reuters"/>
</metadata>
</newsitem>
