<?xml version="1.0" encoding="iso-8859-1" ?>
<newsitem itemid="6793" id="root" date="1996-08-21" xml:lang="en">
<title>ISRAEL: Palestinian jailed in Waxman kidnapping case.</title>
<headline>Palestinian jailed in Waxman kidnapping case.</headline>
<dateline>JERUSALEM 1996-08-21</dateline>
<text>
<p>An Israeli military court jailed a Palestinian for 22 years on Wednesday for his part in the 1994 kidnapping of Israeli soldier Nachshon Waxman, Israel Radio said.</p>
<p>The court in the central Israeli town of Lod convicted Zakariya Lutfi Najib, 40, of providing support to the Islamic militants who abducted the 19-year-old soldier, a dual U.S.-Israeli citizen.</p>
<p>The radio said Najib had rented a house in the occupied West Bank where the kidnappers held Waxman and brought them food.</p>
<p>Members of the Islamic Hamas group dressed as religious Jews snatched Waxman from a soldiers' hitchhiking station in October 1994, took him to the hideout and demanded Israel free hundreds of Palestinian prisoners in exchange for his release.</p>
<p>Waxman was killed when Israeli soldiers stormed the hideout days after the kidnapping in a failed rescue attempt. Three of the kidnappers and another Israeli soldier were also killed in the raid.</p>
<p>Najib's lawyer said he would appeal against what he described as a severe sentence.</p>
</text>
<copyright>(c) Reuters Limited 1996</copyright>
<metadata>
<codes class="bip:countries:1.0">
  <code code="ISRAEL">
    <editdetail attribution="Reuters BIP Coding Group" action="confirmed" date="1996-08-21"/>
  </code>
</codes>
<codes class="bip:topics:1.0">
  <code code="GCAT">
    <editdetail attribution="Reuters BIP Coding Group" action="confirmed" date="1996-08-21"/>
  </code>
  <code code="GCRIM">
    <editdetail attribution="Reuters BIP Coding Group" action="confirmed" date="1996-08-21"/>
  </code>
  <code code="GVIO">
    <editdetail attribution="Reuters BIP Coding Group" action="confirmed" date="1996-08-21"/>
  </code>
</codes>
<dc element="dc.date.created" value="1996-08-21"/>
<dc element="dc.publisher" value="Reuters Holdings Plc"/>
<dc element="dc.date.published" value="1996-08-21"/>
<dc element="dc.source" value="Reuters"/>
<dc element="dc.creator.location" value="JERUSALEM"/>
<dc element="dc.creator.location.country.name" value="ISRAEL"/>
<dc element="dc.source" value="Reuters"/>
</metadata>
</newsitem>
