<?xml version="1.0" encoding="iso-8859-1" ?>
<newsitem itemid="85438" id="root" date="1996-09-30" xml:lang="en">
<title>BELGIUM: Belgian police seek scandal suspect.</title>
<headline>Belgian police seek scandal suspect.</headline>
<dateline>BRUSSELS 1996-09-30</dateline>
<text>
<p>Police have issued an arrest warrant against a former policeman who was quizzed earlier this month in Belgium's child kidnapping, rape, murder and car theft scandal, the Belga news agency reported late on Monday.</p>
<p>It said investigating magistrate Jean Connerotte had asked police to detain Gerard Vannesse, a member of the para-military gendarmarie who was suspended for disciplinary reasons.</p>
<p>Vanesse was detained and questioned in early September over inquiries into drug trafficking with Jean-Michel Nihoul, a chief suspect in the murder of four abducted girls which has scandalised the country.</p>
</text>
<copyright>(c) Reuters Limited 1996</copyright>
<metadata>
<codes class="bip:countries:1.0">
  <code code="BELG">
    <editdetail attribution="Reuters BIP Coding Group" action="confirmed" date="1996-09-30"/>
  </code>
</codes>
<codes class="bip:topics:1.0">
  <code code="GCAT">
    <editdetail attribution="Reuters BIP Coding Group" action="confirmed" date="1996-09-30"/>
  </code>
  <code code="GCRIM">
    <editdetail attribution="Reuters BIP Coding Group" action="confirmed" date="1996-09-30"/>
  </code>
</codes>
<dc element="dc.date.created" value="1996-09-30"/>
<dc element="dc.publisher" value="Reuters Holdings Plc"/>
<dc element="dc.date.published" value="1996-09-30"/>
<dc element="dc.source" value="Reuters"/>
<dc element="dc.creator.location" value="BRUSSELS"/>
<dc element="dc.creator.location.country.name" value="BELGIUM"/>
<dc element="dc.source" value="Reuters"/>
</metadata>
</newsitem>
