<?xml version="1.0" encoding="iso-8859-1" ?>
<newsitem itemid="13484" id="root" date="1996-08-26" xml:lang="en">
<title>AUSTRALIA: RTRS-Prime TV year net profit up 13.1 pct.</title>
<headline>RTRS-Prime TV year net profit up 13.1 pct.</headline>
<dateline>SYDNEY 1996-08-26</dateline>
<text>
<p>Year to June 30</p>
<p>		 (million A$ unless stated)</p>
<p>    Operating profit		    21.23 vs 15.31</p>
<p>    Net				     13.53 vs 11.96</p>
<p>    Final dividend (cents)	     5.00 vs 4.50</p>
<p>NOTE: Prime Television Ltd is a regional television broadcaster.</p>
</text>
<copyright>(c) Reuters Limited 1996</copyright>
<metadata>
<codes class="bip:countries:1.0">
  <code code="AUSTR">
    <editdetail attribution="Reuters BIP Coding Group" action="confirmed" date="1996-08-26"/>
  </code>
</codes>
<codes class="bip:topics:1.0">
  <code code="C151">
    <editdetail attribution="Reuters BIP Coding Group" action="confirmed" date="1996-08-26"/>
  </code>
  <code code="C1511">
    <editdetail attribution="Reuters BIP Coding Group" action="confirmed" date="1996-08-26"/>
  </code>
</codes>
<dc element="dc.date.created" value="1996-08-26"/>
<dc element="dc.publisher" value="Reuters Holdings Plc"/>
<dc element="dc.date.published" value="1996-08-26"/>
<dc element="dc.source" value="Reuters"/>
<dc element="dc.creator.location" value="SYDNEY"/>
<dc element="dc.creator.location.country.name" value="AUSTRALIA"/>
<dc element="dc.source" value="Reuters"/>
</metadata>
</newsitem>
