<?xml version="1.0" encoding="iso-8859-1" ?>
<newsitem itemid="77104" id="root" date="1996-09-25" xml:lang="en">
<title>JAPAN: International TV -6mth parent results.</title>
<headline>International TV -6mth parent results.</headline>
<dateline>TOKYO 1996-09-25</dateline>
<text>
<p>Six months to July 31, 1996</p>
<p> (Parent)	(in billions of yen unless specified)</p>
<p> Sales		  1.44		vs	    1.30</p>
<p> Operating	   58    million    vs	   63    million</p>
<p> Current	     58    million    vs	   55    million</p>
<p> Net		   25    million    vs	   55    million</p>
<p> EPS		    2.12 yen	  vs	    4.61 yen</p>
<p> Shares	     12 million	  vs	  12 million</p>
<p> Interim div	    ---	     vs	     ---</p>
<p>NOTE - International Television Films Inc produces films for TV.</p>
</text>
<copyright>(c) Reuters Limited 1996</copyright>
<metadata>
<codes class="bip:countries:1.0">
  <code code="JAP">
    <editdetail attribution="Reuters BIP Coding Group" action="confirmed" date="1996-09-25"/>
  </code>
</codes>
<codes class="bip:industries:1.0">
  <code code="I97400">
    <editdetail attribution="Reuters BIP Coding Group" action="confirmed" date="1996-09-25"/>
  </code>
</codes>
<codes class="bip:topics:1.0">
  <code code="C15">
    <editdetail attribution="Reuters BIP Coding Group" action="confirmed" date="1996-09-25"/>
  </code>
  <code code="C151">
    <editdetail attribution="Reuters BIP Coding Group" action="confirmed" date="1996-09-25"/>
  </code>
  <code code="CCAT">
    <editdetail attribution="Reuters BIP Coding Group" action="confirmed" date="1996-09-25"/>
  </code>
</codes>
<dc element="dc.date.created" value="1996-09-25"/>
<dc element="dc.publisher" value="Reuters Holdings Plc"/>
<dc element="dc.date.published" value="1996-09-25"/>
<dc element="dc.source" value="Reuters"/>
<dc element="dc.creator.location" value="TOKYO"/>
<dc element="dc.creator.location.country.name" value="JAPAN"/>
<dc element="dc.source" value="Reuters"/>
</metadata>
</newsitem>
