<?xml version="1.0" encoding="iso-8859-1" ?>
<newsitem itemid="80756" id="root" date="1996-09-27" xml:lang="en">
<title>USA: US FCC chief praises TV owner for free air time.</title>
<headline>US FCC chief praises TV owner for free air time.</headline>
<dateline>WASHINGTON 1996-09-27</dateline>
<text>
<p>Fisher Broadcasting has become the second television operator to offer congressional and gubernatorial candidates free air time, Federal Communications Commission Chairman Reed Hundt said Friday.</p>
<p>The FCC chairman earlier this week disclosed that A.H. Belo Corp had made a similar offer on seven of its TV stations.</p>
<p>&quot;I am pleased to report that the campaign for free time is picking up steam,&quot; Hundt said in a speech to the &quot;Children Now Symposium&quot; in Menlo Park, Ca. Excerpts from the speech were released by the FCC here in Washington.</p>
<p>Hundt said Fisher is offering three-minute blocks of time on its TV stations in Seattle and Portland, and 90-second blocks on its radio stations in those cities and in Montana.</p>
</text>
<copyright>(c) Reuters Limited 1996</copyright>
<metadata>
<codes class="bip:countries:1.0">
  <code code="USA">
    <editdetail attribution="Reuters BIP Coding Group" action="confirmed" date="1996-09-27"/>
  </code>
</codes>
<codes class="bip:industries:1.0">
  <code code="I97400">
    <editdetail attribution="Reuters BIP Coding Group" action="confirmed" date="1996-09-27"/>
  </code>
</codes>
<codes class="bip:topics:1.0">
  <code code="C21">
    <editdetail attribution="Reuters BIP Coding Group" action="confirmed" date="1996-09-27"/>
  </code>
  <code code="CCAT">
    <editdetail attribution="Reuters BIP Coding Group" action="confirmed" date="1996-09-27"/>
  </code>
  <code code="GCAT">
    <editdetail attribution="Reuters BIP Coding Group" action="confirmed" date="1996-09-27"/>
  </code>
  <code code="GPOL">
    <editdetail attribution="Reuters BIP Coding Group" action="confirmed" date="1996-09-27"/>
  </code>
  <code code="GVOTE">
    <editdetail attribution="Reuters BIP Coding Group" action="confirmed" date="1996-09-27"/>
  </code>
</codes>
<dc element="dc.date.created" value="1996-09-27"/>
<dc element="dc.publisher" value="Reuters Holdings Plc"/>
<dc element="dc.date.published" value="1996-09-27"/>
<dc element="dc.source" value="Reuters"/>
<dc element="dc.creator.location" value="WASHINGTON"/>
<dc element="dc.creator.location.country.name" value="USA"/>
<dc element="dc.source" value="Reuters"/>
</metadata>
</newsitem>
