<?xml version="1.0" encoding="iso-8859-1" ?>
<newsitem itemid="38229" id="root" date="1996-09-06" xml:lang="en">
<title>UK: FORECAST - Consensus of key economic indicators.</title>
<headline>FORECAST - Consensus of key economic indicators.</headline>
<text>
<p>GMT -----------KEY INDICATORS----------FORECAST---RANGE---PREVS</p>
<p> 2350  SUN   JPN. C/A(NSA YEN IMF)JUL   N/F  BLN    N/A     +782</p>
<p> 2350  SUN   JPN. TRADE BAL NSA   JUL   N/F  BLN    N/A     +952</p>
<p> 0200  MON   JPN. WHOLESALE PRICE AUG   N/F  PCT    N/A     +0.2</p>
<p> 0200  MON   JPN. WHOLESALE PRICE AUG   N/F  PCT    N/A     +1.4</p>
<p> 0830  MON   U.K. PPI (INPUT) NSA AUG   N/F  PCT    N/A     -0.8</p>
<p> 0830  MON   U.K. PPI (INPUT)  SA AUG  +0.3  PCT +0.2/+0.5  +0.3</p>
<p> 0830  MON   U.K. PPI (INPUT) Y/Y AUG  -2.2  PCT -2.3/-2.0  -2.2</p>
<p> 0830  MON   U.K. PPI (OUTPUT)    AUG  FLAT  PCT -0.5/+0.2  -0.1</p>
<p> 0830  MON   U.K. PPI (OUTPUT)Y/Y AUG  +2.0  PCT +1.5/+2.2  +2.2</p>
<p> 0830  MON   U.K. EX FD DRNK TBCC AUG  +0.1  PCT FLAT/+0.3  -0.1</p>
<p> 0830  MON   U.K. EX FD DRNK  Y/Y AUG  +1.3  PCT +1.2/+1.4  +1.5</p>
<p> 0830  MON   U.K. CYCLICAL INDICATORS - JULY (2nd estimate)</p>
<p> 0830  MON   U.K. CONSTR NEW ORDS JUL   N/F  PCT    N/A     -2.4</p>
<p> 1900  MON   U.S. CONSUMER CREDIT JUL  +7.1  BLN +6.0/+8.5  +8.3</p>
<p> 0500  TUE   JPN. MACHINERY ORDER JUL   N/F  PCT    N/A     -7.6</p>
<p> 0500  TUE   JPN. MACHINERY   Y/Y JUL   N/F  PCT    N/A     -1.6</p>
<p> 0500  TUE   JPN. ORDERS EX SHIPS JUL   N/F  PCT    N/A     -9.6</p>
<p> 0500  TUE   JPN. EX SHIPS    Y/Y JUL   N/F  PCT    N/A     -3.2</p>
<p> 1215  TUE   CAN. HOUSING STARTS  AUG   N/F  K	N/A     129K</p>
<p> 1230  TUE   CAN. CAPACITY UTIL   Q2    N/F  PCT    N/A     82.8</p>
<p> 1400  TUE   U.S. CURRENT A/C BOP Q2    N/F  BLN    N/A    -35.6</p>
<p> 1400  TUE   U.S. NON-FARM PRODREV Q2   N/F  PCT    N/A     -0.1</p>
<p> 1400  TUE   U.S. WHOLESALE TRADE JUL   N/F  PCT    N/A     UNCH</p>
<p> N/A   TU-WE GER. COST OF LIVING  AUG  -0.1  PCT -0.1/+0.1  +0.4</p>
<p> N/A   TU-WE GER. COL	   Y/Y AUG  +1.4  PCT +1.4/+1.5  +1.3</p>
<p> N/A   TU-WE W.G. COL (FINAL)     AUG   N/F  PCT    N/A     +1.3</p>
<p> N/A   TUE   GER. CURRENT ACCOUNT JUN  -0.6  BLN    N/A     -2.5</p>
<p> N/A   TUE   GER. TRADE BALANCE   JUN  +9.0  BLN    N/A     +9.5</p>
<p> 0830  WED   U.K. AVERAGE EARNS   JUL  3.75  PCT 3.75/4.00  3.75</p>
<p> 0830  WED   U.K. UNEMPLOYMENT    AUG   7.6  PCT    7.6	7.6</p>
<p> 0830  WED   U.K. UNEMPLOYMENT    AUG  -15.000   -25K/-5K   -24K</p>
<p> 0830  WED   U.K. UNIT WAGE COSTS JUL  +3.2  PCT +3.1/+3.3  +3.3</p>
<p> 1230  WED   CAN. NEW HOUSING PRI JUL   N/F  PCT    N/A     -2.2</p>
<p> 1600  WED   U.S. BEIGE BOOK</p>
<p> 0645  THU   FRA. CURRENT ACCOUNT JUN   N/F  BLN    N/A     +7.0</p>
<p> 0830  THU   U.K. RETAIL PRICES   AUG  +0.4  PCT +0.3/+0.6  -0.4</p>
<p> 0830  THU   U.K. RETAIL PRI  Y/Y AUG  +2.1  PCT +2.0/+2.3  +2.2</p>
<p> 0830  THU   U.K. RPI-X    I  Y/Y AUG  +2.7  PCT +2.5/+2.8  +2.8</p>
<p> 0830  THU   U.K. RPI-Y    I  Y/Y AUG  +2.3  PCT +2.1/+2.4  +2.4</p>
<p> 1230  THU   CAN. NEW MOTOR VHCLS JUL   N/F  PCT    N/A     +1.9</p>
<p> 1230  THU   U.S. JOBLESS CLMS   -Aug   N/F  K	N/A     316K</p>
<p> 1230  THU   U.S. PRODUCER PRICES AUG  +0.2  PCT    N/A     FLAT</p>
<p> 1230  THU   U.S. PRODUCER    Y/Y AUG  +2.8  PCT    N/A     +2.6</p>
<p> 1230  THU   U.S. EX FOOD ENERGY  AUG  +0.2  PCT    N/A     +0.1</p>
<p> 2030  THU   U.S. M1	  W/E 2-Sep   N/F  BLN    N/A     +2.9</p>
<p> 2030  THU   U.S. M2	  W/E 2-Sep   N/F  BLN    N/A     +2.5</p>
<p> 2030  THU   U.S. M3	  W/E 2-Sep   N/F  BLN    N/A     +7.1</p>
<p> N/A   TH-MO GER. NM RETAIL SLS   JUL   N/F  PCT    N/A	N/A</p>
<p> N/A   TH-MO GER. RL RETAIL SLS   JUL   N/F  PCT    N/A	N/A</p>
<p> 0645  FRI   FRA. CONSUMER PRICES AUG   N/F  PCT    N/A     -0.1</p>
<p> 0645  FRI   FRA. CPI (PROV) Y/Y  AUG   N/F  PCT    N/A     +2.3</p>
<p> 1230  FRI   U.S. CONSUMER PRICES AUG  +0.3  PCT    N/A     +0.3</p>
<p> 1230  FRI   U.S. CONSUMER    Y/Y AUG  +3.0  PCT    N/A     +3.0</p>
<p> 1230  FRI   U.S. EX FOOD ENERGY  AUG  +0.2  PCT    N/A     +0.3</p>
<p> 1230  FRI   U.S. RETAIL SALES    AUG  +0.7  PCT    N/A     +0.1</p>
<p> 1230  FRI   U.S. EX AUTO	   AUG   N/F  PCT    N/A     +0.3</p>
<p> 1400  FRI   U.S. REAL EARNINGS   AUG   N/F  PCT    N/A     -1.5</p>
<p>* ECONOMIC FORECASTS WEEK COMMENCING SEPTEMBER 16</p>
<p> 1400  MON   U.S. BUSINESS INVENT JUL   N/F  PCT    N/A     +0.1</p>
<p> N/A   M0-WE GER. WHOLESALE PRICE AUG   N/F  PCT    N/A     -0.5</p>
<p> N/A   M0-WE GER. WHOLESALE   Y/Y AUG   N/F  PCT    N/A     -0.5</p>
<p> 0630  TUE   JPN. INDUSTRIAL PROD JUL   N/F  PCT    N/A     +4.1</p>
<p> 0630  TUE   JPN. INDUST (REV) Y/YJUL   N/F  PCT    N/A     +5.3</p>
<p> 0830  TUE   U.K. PSBR		AUG   N/F  BLN    N/A     -1.7</p>
<p> 1230  TUE   CAN. I-S RATIO	 JUL   N/F	   N/A     1.35</p>
<p> 1230  TUE   CAN. MANUF NEW ORDS  JUL   N/F  PCT    N/A     -2.1</p>
<p> 1230  TUE   CAN. MANUF SHIPMENTS JUL   N/F  PCT    N/A     -0.4</p>
<p> 1230  TUE   CAN. UNFILLED ORDERS JUL   N/F  PCT    N/A     +0.1</p>
<p> 1315  TUE   U.S. CAPACITY UTIL   AUG   N/F  PCT    N/A     83.2</p>
<p> 1315  TUE   U.S. INDUST PRODUCTN AUG   N/F  PCT    N/A     +0.1</p>
<p> 1400  TUE   CAN. WAGE SETTLEMNTS JUL   N/F  PCT    N/A     +0.5</p>
<p> 2350  TU-SU JPN. TRADE BAL CC NSAAUG   N/F  BLN    N/A     +504</p>
<p> 0200  WED   JPN. M2 + CD	   AUG   N/F  PCT    N/A     +3.7</p>
<p> 0630  WED   JPN. GDP	   Q/Q Q2   -1.0  PCT -2.5/+4.5  +3.0</p>
<p> 0630  WED   JPN. GDP	   Y/Y Q2    N/F  PCT    N/A    +12.7</p>
<p> 0830  WED   U.K. RETAIL SALES    AUG   N/F  PCT    N/A     -0.6</p>
<p> 0830  WED   U.K. RETAIL SLS  Y/Y AUG   N/F  PCT    N/A     +2.2</p>
<p> 1230  WED   CAN. MERCH TRADE BAL JUL   N/F  BLN    N/A     +3.1</p>
<p> 1230  WED   CAN. MERCH IMPORTS   JUL   N/F  BLN    N/A     18.9</p>
<p> 1230  WED   CAN. MERCH EXPORTS   JUL   N/F  BLN    N/A     22.0</p>
<p> 1230  WED   U.S. INT'L TRADE     JUL   N/F  BLN    N/A     -8.1</p>
<p> 0830  THU   U.K. M4 (PROV)	 AUG   N/F  PCT    N/A     +0.5</p>
<p> 0830  THU   U.K. M4 (PROV)   Y/Y AUG   N/F  PCT    N/A     +9.0</p>
<p> 0830  THU   U.K. M4 LENDING	AUG   N/F  BLN    N/A     +5.2</p>
<p> 0830  THU   U.K. NEW VEHICL PROD AUG   N/F  PCT    N/A     +6.0</p>
<p> 0830  THU   U.K. BLDG SOC NN APP AUG   N/F  BLN    N/A     +3.8</p>
<p> 1100  THU   CAN. CONSUMER PRICES AUG   N/F  PCT    N/A     -0.1</p>
<p> 1100  THU   CAN. CONSUMER  SA    AUG   N/F  PCT    N/A     UNCH</p>
<p> 1100  THU   CAN. CONSUMER    Y/Y AUG   N/F  PCT    N/A     +1.2</p>
<p> 1100  THU   CAN. EX FOOD ENERGY  AUG   N/F  PCT    N/A     +1.4</p>
<p> 1230  THU   CAN. COMP LEADERS    AUG   N/F  PCT    N/A     +0.5</p>
<p> 1230  THU   U.S. HOUSING STARTS  AUG   N/F  MLN    N/A     1.46</p>
<p> 1400  THU   U.S. PHIL FED INDEX  SEP   N/F	   N/A     21.5</p>
<p> 2330  THU   U.K. CBI/BSL MONTHLY TRENDS - SEPTEMBER</p>
<p> 1230  FRI   CAN. RETAIL SALES    JUL   N/F  PCT    N/A     +0.6</p>
<p> N/A   FR-MO GER. M3(ANNLSD Q4 95)AUG   N/F  PCT    N/A     +8.6</p>
<p>* ECONOMIC FORECASTS WEEK COMMENCING SEPTEMBER 23</p>
<p> 1230  MON   CAN. WHOLESALE TRADE JUL   N/F  PCT    N/A     +0.3</p>
<p> 1900  MON   U.S. FEDERAL BUDGET  SEP   N/F  BLN    N/A	N/A</p>
<p> N/A   MO-TH GER. PRODUCER PRICES AUG   N/F  PCT    N/A     UNCH</p>
<p> N/A   MO-TH GER. PRODUCER PRI Y/YAUG   N/F  PCT    N/A     -0.8</p>
<p> N/A   MO-TH E.G. PRODUCER PRI Y/YAUG   N/F  PCT    N/A     +1.7</p>
<p> N/A   MO-TH W.G. PRODUCER PRI Y/YAUG   N/F  PCT    N/A     -0.9</p>
<p> 0500  TUE   JPN. COINCIDENT IND  JUL   N/F	   N/A	 55</p>
<p> 0500  TUE   JPN. LEADING INDX    JUL   N/F	   N/A	 70</p>
<p> 0645  TUE   FRA. HOUSING STARTS  AUG   N/F  BLN    N/A     -6.3</p>
<p> 0830  TUE   U.K. GDP (FINAL) Q/Q Q2   +0.4  PCT  +0.4/+0.5 +0.4</p>
<p> 0830  TUE   U.K. GDP (FINAL) Y/Y Q2   +1.8  PCT  +1.8/+1.9 +1.8</p>
<p> 0830  TUE   U.K. CURRENT ACCOUNT Q2   -1.5  BLN  -3.7/+0.3 -1.1</p>
<p> 0830  TUE   U.K. TRADE IN GOODS  Q2   -3.3  BLN  -4.4/-2.1 -3.5</p>
<p> 1400  TUE   U.S. CONSUMER CONF   SEP   N/F	   N/A    109.4</p>
<p> N/A   TU-MO GER. IMPORT PRICES	   N/F  PCT    N/A	N/A</p>
<p> N/A   TU-MO GER. IMPORT PRICES	   N/F  PCT    N/A	N/A</p>
<p> 0645  WED   FRA. CONSUMER PRICES AUG   N/F  PCT    N/A     -0.1</p>
<p> 0645  WED   FRA. CPI (FINAL) Y/Y AUG   N/F  PCT    N/A     +2.3</p>
<p> 1400  WED   U.S. EXIST HOME SLS  AUG   N/F  MLN    N/A     +4.2</p>
<p> 0630  TH-MO JPN. RETAIL SALES    AUG   N/F  PCT    N/A     -4.1</p>
<p> 0645  THU   FRA. CONSUMER SPND JUL/AUG N/F  PCT    N/A     +1.9</p>
<p> 0830  THU   U.K. NON-EU TRADE    AUG   N/F  MLN    N/A     -506</p>
<p> 0830  THU   U.K. VISIBLE TRADE   JUL   N/F  MLN    N/A    -1118</p>
<p> 0830  THU   U.K. VISIBLE EX OIL  JUL   N/F  MLN    N/A    -1457</p>
<p> 1230  THU   CAN. AVG WKLY EARNS  JUL   N/F  PCT    N/A     +2.8</p>
<p> 1230  THU   U.S. DURABLE GOODS   AUG   N/F  PCT    N/A     +1.6</p>
<p> 1230  THU   U.S. EX DEFENCE	AUG   N/F  PCT    N/A     +3.5</p>
<p> 0030  FRI   JPN. CONSUMER PRICES AUG   N/F  PCT    N/A     -0.1</p>
<p> 0030  FRI   JPN. CPI (NAT'L) Y/Y AUG   N/F  PCT    N/A     +0.4</p>
<p> 0030  FRI   JPN. CONSUMER PRICES SEP   N/F  PCT    N/A     +0.4</p>
<p> 0030  FRI   JPN. CPI (TOKYO) Y/Y SEP   N/F  PCT    N/A     -0.1</p>
<p> 0630  FRI   JPN. INDUSTRIAL PROD AUG   N/F  PCT    N/A     +4.1</p>
<p> 0630  FRI   JPN. INDUST PREL Y/Y AUG   N/F  PCT    N/A     +5.3</p>
<p> 0645  FRI   FRA. VISIBLE TRADE   JUL   N/F  BLN    N/A    +9.75</p>
<p> 0800  FRI   ITA. UNEMPLOYMENT    JUL   N/F  PCT    N/A     12.3</p>
<p> 1230  FRI   CAN. INDUSTRIAL PROD AUG   N/F  PCT    N/A     -0.2</p>
<p> 1230  FRI   CAN. RAW MATERIALS   AUG   N/F  PCT    N/A     +0.9</p>
<p> 1230  FRI   U.S. REAL GDP (FINAL)Q2    N/F  PCT    N/A     +4.8</p>
<p> 1230  FRI   U.S. PRICE INDX	Q2   +2.1  PCT   +2.1     +2.2</p>
<p> 1230  FRI   U.S. IMPLICIT DEF    Q2    N/F  PCT    N/A     +1.8</p>
<p>* ECONOMIC FORECASTS WEEK COMMENCING SEPTEMBER 30</p>
<p> 0030  MON   JPN. JOB RATIO	 AUG   N/F	   N/A     0.72</p>
<p> 0030  MON   JPN. UNEMPLOYMENT    AUG   N/F  PCT    N/A	3.4</p>
<p> 0500  MON   JPN. CONTRUCTN ORDRS AUG   N/F  PCT    N/A     +1.7</p>
<p> 0500  MON   JPN. HOUSING STARTS  AUG   N/F  PCT    N/A     21.7</p>
<p> 0645  MON   FRA. UNEMPLOYMENT    AUG   N/F  PCT    N/A     12.5</p>
<p> 0645  MON   FRA. UNEMPLOYMENT    AUG   N/F  K	N/A     -20K</p>
</text>
<copyright>(c) Reuters Limited 1996</copyright>
<metadata>
<codes class="bip:countries:1.0">
  <code code="UK">
    <editdetail attribution="Reuters BIP Coding Group" action="confirmed" date="1996-09-06"/>
  </code>
</codes>
<codes class="bip:topics:1.0">
  <code code="E71">
    <editdetail attribution="Reuters BIP Coding Group" action="confirmed" date="1996-09-06"/>
  </code>
  <code code="ECAT">
    <editdetail attribution="Reuters BIP Coding Group" action="confirmed" date="1996-09-06"/>
  </code>
</codes>
<dc element="dc.publisher" value="Reuters Holdings Plc"/>
<dc element="dc.date.published" value="1996-09-06"/>
<dc element="dc.source" value="Reuters"/>
<dc element="dc.creator.location.country.name" value="UK"/>
<dc element="dc.source" value="Reuters"/>
</metadata>
</newsitem>
