<?xml version="1.0" encoding="iso-8859-1" ?>
<newsitem itemid="20899" id="root" date="1996-08-29" xml:lang="en">
<title>FRANCE: French farmers set up blockades in mad cow protest.</title>
<headline>French farmers set up blockades in mad cow protest.</headline>
<dateline>PARIS 1996-08-29</dateline>
<text>
<p>Thousands of farmers threw up roadblocks across France overnight, stopping and checking lorries suspected of importing meat from outside the European Union, French radios reported on Thursday.</p>
<p>Radio stations said around 15,000 farmers, angered by a fall in beef prices following the mad cow disease crisis, staged protests in many areas and blockaded several main roads and motorways.</p>
<p>By 3 a.m. (0100 GMT) more than 2,000 lorries had been stopped and searched.</p>
<p>European beef sales plunged after Britain announced the discovery of a likely link between bovine spongiform encephalopathy (BSE), or mad cow disease, and its fatal human equivalent Creutzfeldt-Jakob Disease (CJD).</p>
</text>
<copyright>(c) Reuters Limited 1996</copyright>
<metadata>
<codes class="bip:countries:1.0">
  <code code="EEC">
    <editdetail attribution="Reuters BIP Coding Group" action="confirmed" date="1996-08-29"/>
  </code>
  <code code="FRA">
    <editdetail attribution="Reuters BIP Coding Group" action="confirmed" date="1996-08-29"/>
  </code>
  <code code="UK">
    <editdetail attribution="Reuters BIP Coding Group" action="confirmed" date="1996-08-29"/>
  </code>
</codes>
<codes class="bip:industries:1.0">
  <code code="I01001">
    <editdetail attribution="Reuters BIP Coding Group" action="confirmed" date="1996-08-29"/>
  </code>
  <code code="I0100105">
    <editdetail attribution="Reuters BIP Coding Group" action="confirmed" date="1996-08-29"/>
  </code>
</codes>
<codes class="bip:topics:1.0">
  <code code="C31">
    <editdetail attribution="Reuters BIP Coding Group" action="confirmed" date="1996-08-29"/>
  </code>
  <code code="C311">
    <editdetail attribution="Reuters BIP Coding Group" action="confirmed" date="1996-08-29"/>
  </code>
  <code code="CCAT">
    <editdetail attribution="Reuters BIP Coding Group" action="confirmed" date="1996-08-29"/>
  </code>
  <code code="GCAT">
    <editdetail attribution="Reuters BIP Coding Group" action="confirmed" date="1996-08-29"/>
  </code>
  <code code="GVIO">
    <editdetail attribution="Reuters BIP Coding Group" action="confirmed" date="1996-08-29"/>
  </code>
</codes>
<dc element="dc.date.created" value="1996-08-29"/>
<dc element="dc.publisher" value="Reuters Holdings Plc"/>
<dc element="dc.date.published" value="1996-08-29"/>
<dc element="dc.source" value="Reuters"/>
<dc element="dc.creator.location" value="PARIS"/>
<dc element="dc.creator.location.country.name" value="FRANCE"/>
<dc element="dc.source" value="Reuters"/>
</metadata>
</newsitem>
