<?xml version="1.0" encoding="iso-8859-1" ?>
<newsitem itemid="56244" id="root" date="1996-09-16" xml:lang="en">
<title>BELGIUM: EU farm ministers attack beef crisis plans.</title>
<headline>EU farm ministers attack beef crisis plans.</headline>
<byline>Peter Blackburn</byline>
<dateline>BRUSSELS 1996-09-16</dateline>
<text>
<p>European farm ministers attacked proposals on Monday to pay grain farmers less so beef farmers can get more to help them cope with the mad cow crisis.</p>
<p>Several hundred German farmers demonstrated behind barbed wire barriers outside the ministerial building, chanting &quot;Fischler out&quot; and &quot;Fischler the executioner of German farmers&quot;, a reference to EU Farm Commissioner Franz Fischler.</p>
<p>&quot;We are categorically against the Commission's proposals to reform the beef market,&quot; Gerd Sonnleitner, Vice-President of the German Farmers Federation, told a news conference.</p>
<p>German farmers say they face ruin, with beef sales plunging by 40 percent and prices down about 20 percent since the outbreak of the crisis in March when the British government said mad cow disease -- Bovine Spongiform Encephalopathy (BSE) -- could be transmitted to humans.</p>
<p>German Secretary of State for Agriculture Franz-Josef Feiter attacked Fischler's proposals to curb a growing beef mountain caused by the fall in demand.</p>
<p>&quot;They are ineffective and make certain regions in Europe pay for others,&quot; Feiter told reporters.</p>
<p>&quot;The (farmers') situation is extremely difficult. I would call it explosive,&quot; he added.</p>
<p>Germany, backed by most EU member states, also argues that cereals farmers, who have been reaping bumper profits from record world prices, could soon be confronted with falling prices as production rises.</p>
<p>Feiter said that savings could be made within the farm budget to find the 1.3 billion Ecus ($1.7 billion) needed in 1998 to ease the problems caused by the crisis over BSE.</p>
<p>Before the meeting, British Farm Minister Douglas Hogg met Fischler to press the case for cutting a scheme to slaughter an extra 147,000 cattle in Britain most at risk of developing BSE.</p>
<p>The scheme was part of a package agreed by EU heads of state at their summit in Florence, Italy, in June aimed at gradually lifting a ban on British beef exports.</p>
<p>A report by Oxford University scientists published by Nature magazine last month said BSE would disappear within five years even without an extra cull.</p>
<p>&quot;The Nature article made it plain BSE will die out in any event by 2001 and secondly there is no cull policy which anybody remotely suggests could be adopted which will substantially speed up the eradication of the disease,&quot; Hogg told reporters.</p>
<p>Hogg is due to brief ministers on Tuesday.</p>
<p>Britain has already slaughtered around 450,000 older cattle over 30 months old under a separate scheme.</p>
<p>EU officials noted that another recent British study found that mad cow disease could be passed from cow to calf, implying that more animals would have to be slaughtered.</p>
<p>Ministers offered little short-term prospect of either reducing the British cattle cull or easing the export ban.</p>
<p>&quot;The Florence agreement is the only way to lift the embargo. Any other way would exacerbate tension,&quot; said Irish Farm Minister Ivan Yates, whose country currently holds the EU presidency.</p>
<p>Spanish Farm Minister Loyola de Palacio agreed but added that the new data should be studied.</p>
<p>&quot;As long as it's uncertain there is no BSE risk from Britain, there can't be any lifting of the ban,&quot; Germany's Feiter said.</p>
</text>
<copyright>(c) Reuters Limited 1996</copyright>
<metadata>
<codes class="bip:countries:1.0">
  <code code="EEC">
    <editdetail attribution="Reuters BIP Coding Group" action="confirmed" date="1996-09-16"/>
  </code>
</codes>
<codes class="bip:industries:1.0">
  <code code="I01001">
    <editdetail attribution="Reuters BIP Coding Group" action="confirmed" date="1996-09-16"/>
  </code>
  <code code="I0100105">
    <editdetail attribution="Reuters BIP Coding Group" action="confirmed" date="1996-09-16"/>
  </code>
  <code code="I0100132">
    <editdetail attribution="Reuters BIP Coding Group" action="confirmed" date="1996-09-16"/>
  </code>
</codes>
<codes class="bip:topics:1.0">
  <code code="C13">
    <editdetail attribution="Reuters BIP Coding Group" action="confirmed" date="1996-09-16"/>
  </code>
  <code code="C24">
    <editdetail attribution="Reuters BIP Coding Group" action="confirmed" date="1996-09-16"/>
  </code>
  <code code="CCAT">
    <editdetail attribution="Reuters BIP Coding Group" action="confirmed" date="1996-09-16"/>
  </code>
  <code code="G15">
    <editdetail attribution="Reuters BIP Coding Group" action="confirmed" date="1996-09-16"/>
  </code>
  <code code="G153">
    <editdetail attribution="Reuters BIP Coding Group" action="confirmed" date="1996-09-16"/>
  </code>
  <code code="GCAT">
    <editdetail attribution="Reuters BIP Coding Group" action="confirmed" date="1996-09-16"/>
  </code>
</codes>
<dc element="dc.date.created" value="1996-09-16"/>
<dc element="dc.publisher" value="Reuters Holdings Plc"/>
<dc element="dc.date.published" value="1996-09-16"/>
<dc element="dc.source" value="Reuters"/>
<dc element="dc.creator.location" value="BRUSSELS"/>
<dc element="dc.creator.location.country.name" value="BELGIUM"/>
<dc element="dc.source" value="Reuters"/>
</metadata>
</newsitem>
