<?xml version="1.0" encoding="iso-8859-1" ?>
<newsitem itemid="58787" id="root" date="1996-09-17" xml:lang="en">
<title>BELGIUM: EU rejects British bid to cut BSE cull.</title>
<headline>EU rejects British bid to cut BSE cull.</headline>
<byline>Peter Blackburn</byline>
<dateline>BRUSSELS 1996-09-17</dateline>
<text>
<p>The European Union's pact for ending the beef crisis with Britain looked like unravelling on Tuesday when EU countries rejected plans floated by London for reducing a cull of cattle most at risk from mad cow disease.</p>
<p>Britain's Douglas Hogg told other EU farm ministers London was fulfilling an agreement at a bloc summit in June to end the disease but that new scientific data showed an extra cull agreed at the meeting was unnecessary.</p>
<p>Germany said it would not permit British beef, banned around the world over health fears from mad cow disease, to be sold there until the risk was gone.</p>
<p>Belgium suggested that if Britain did not stick to the agreement made at the summit in Florence for combating the disease the EU might stop funds it has promised to help farmers overcome the crisis.</p>
<p>EU Farm Commissioner Franz Fischler stressed the extra British cull was an essential part of the Florence agreement for a staged lifting of the ban.</p>
<p>&quot;This is a pre-condition before any specific steps can be taken (to lift the ban),&quot; Fischler told a news conference after a two-day meeting of farm ministers.</p>
<p>Germany, driven by consumer fears over the disease -- bovine spongiform encephalopathy (BSE) -- has taken the toughest stance against British beef.</p>
<p>&quot;We will have to keep the borders shut against imports as long as there is any risk,&quot; German Secretary of State for Agriculture Franz-Josef Feiter told reporters.</p>
<p>Belgium also took a hard line.</p>
<p>&quot;I do not see there can be any easing of the ban unless the British government goes ahead with it (the extra cull),&quot; Belgian Farm Minister Karel Pinxten said, warning that otherwise the EU would not provide any BSE financial aid.</p>
<p>For its part, Britain said its EU partners were not keeping their side of the Florence agreement, which was to work towards a step-by-step lifting of the ban on British beef exports.</p>
<p>&quot;We are rather disturbed by a number of steps taken by some countries which go beyond EU rules,&quot; Hogg said, raising speculation that London may soon decide to go it alone and cut the size of the cull.</p>
<p>Hogg was referring to recent German legislation banning imports of British bull semen and French measures against British cosmetics which he said were unjustified.</p>
<p>Hogg, who will now report to Prime Minister John Major, said such action by Britain's EU partners would make it extremely difficult to get a sceptical British parliament to approve the extra cull, which should have started on August 1.</p>
<p>British politicians, angered by the EU countries' stand over mad cow disease, predicted that the government could tear up an agreement with its partners on tackling the crisis.</p>
<p>A spokeswoman in Prime Minister John Major's office said the government would &quot;announce its intentions shortly&quot; about whether the cattle cull Major agreed in Florence in June would go ahead.</p>
<p>British farmers said they were deeply disappointed EU farm ministers failed to signal any lifting of the ban after implementation of the selective slaughter scheme.</p>
<p>Europe has been battling a crisis of confidence in beef since March when the British government said BSE could be transmitted to humans.</p>
<p>Switzerland's top farm official, Hans Burger, insisted on Tuesday that the slaughter 230,000 cows was the best way to curb mad cow disease although the plan has been denounced by many Swiss farmers and consumers.</p>
<p>The plan by the second worst affected BSE country after Britain put extra pressure on London to proceed with the scheme to kill an extra 147,000 animals most at risk.</p>
</text>
<copyright>(c) Reuters Limited 1996</copyright>
<metadata>
<codes class="bip:countries:1.0">
  <code code="EEC">
    <editdetail attribution="Reuters BIP Coding Group" action="confirmed" date="1996-09-17"/>
  </code>
  <code code="UK">
    <editdetail attribution="Reuters BIP Coding Group" action="confirmed" date="1996-09-17"/>
  </code>
</codes>
<codes class="bip:industries:1.0">
  <code code="I01001">
    <editdetail attribution="Reuters BIP Coding Group" action="confirmed" date="1996-09-17"/>
  </code>
  <code code="I0100105">
    <editdetail attribution="Reuters BIP Coding Group" action="confirmed" date="1996-09-17"/>
  </code>
  <code code="I41220">
    <editdetail attribution="Reuters BIP Coding Group" action="confirmed" date="1996-09-17"/>
  </code>
</codes>
<codes class="bip:topics:1.0">
  <code code="C13">
    <editdetail attribution="Reuters BIP Coding Group" action="confirmed" date="1996-09-17"/>
  </code>
  <code code="C24">
    <editdetail attribution="Reuters BIP Coding Group" action="confirmed" date="1996-09-17"/>
  </code>
  <code code="CCAT">
    <editdetail attribution="Reuters BIP Coding Group" action="confirmed" date="1996-09-17"/>
  </code>
  <code code="G15">
    <editdetail attribution="Reuters BIP Coding Group" action="confirmed" date="1996-09-17"/>
  </code>
  <code code="G153">
    <editdetail attribution="Reuters BIP Coding Group" action="confirmed" date="1996-09-17"/>
  </code>
  <code code="GCAT">
    <editdetail attribution="Reuters BIP Coding Group" action="confirmed" date="1996-09-17"/>
  </code>
  <code code="GHEA">
    <editdetail attribution="Reuters BIP Coding Group" action="confirmed" date="1996-09-17"/>
  </code>
</codes>
<dc element="dc.date.created" value="1996-09-17"/>
<dc element="dc.publisher" value="Reuters Holdings Plc"/>
<dc element="dc.date.published" value="1996-09-17"/>
<dc element="dc.source" value="Reuters"/>
<dc element="dc.creator.location" value="BRUSSELS"/>
<dc element="dc.creator.location.country.name" value="BELGIUM"/>
<dc element="dc.source" value="Reuters"/>
</metadata>
</newsitem>
