<?xml version="1.0" encoding="iso-8859-1" ?>
<newsitem itemid="77971" id="root" date="1996-09-26" xml:lang="en">
<title>UK: Electrophoretics has licence for CJD test.</title>
<headline>Electrophoretics has licence for CJD test.</headline>
<dateline>LONDON 1996-09-26</dateline>
<text>
<p>Electrophoretics International Plc on Thursday confirmed that it has acquired a licence from the U.S. National Institute of Health to commercialise a diagnostic test for Creutzfeldt-Jakob Disease (CJD).  </p>
<p>Electrophoretics said it acquired a licence to commercialize a patent entitled &quot;Method for Distinguishing Creutzfeldt-Jakob Disease from Other Dementias,&quot; as discovered by Michael Harrington, Carl Merril, David Ascher and Dr. Carleton Gajdusek.</p>
<p>Electrophoretics said it is already able to test in vivo for CJD in patients with symptoms of the disease and has been working on the method of how to make the CJD test commercially available as soon as possible.</p>
<p>CJD is the human equivalent of BSE, better known as mad cow disease.</p>
<p>-- London Newsroom +44 171 542 7717</p>
</text>
<copyright>(c) Reuters Limited 1996</copyright>
<metadata>
<codes class="bip:countries:1.0">
  <code code="UK">
    <editdetail attribution="Reuters BIP Coding Group" action="confirmed" date="1996-09-26"/>
  </code>
  <code code="USA">
    <editdetail attribution="Reuters BIP Coding Group" action="confirmed" date="1996-09-26"/>
  </code>
</codes>
<codes class="bip:industries:1.0">
  <code code="I25700">
    <editdetail attribution="Reuters BIP Coding Group" action="confirmed" date="1996-09-26"/>
  </code>
</codes>
<codes class="bip:topics:1.0">
  <code code="C13">
    <editdetail attribution="Reuters BIP Coding Group" action="confirmed" date="1996-09-26"/>
  </code>
  <code code="C18">
    <editdetail attribution="Reuters BIP Coding Group" action="confirmed" date="1996-09-26"/>
  </code>
  <code code="C182">
    <editdetail attribution="Reuters BIP Coding Group" action="confirmed" date="1996-09-26"/>
  </code>
  <code code="CCAT">
    <editdetail attribution="Reuters BIP Coding Group" action="confirmed" date="1996-09-26"/>
  </code>
</codes>
<dc element="dc.date.created" value="1996-09-26"/>
<dc element="dc.publisher" value="Reuters Holdings Plc"/>
<dc element="dc.date.published" value="1996-09-26"/>
<dc element="dc.source" value="Reuters"/>
<dc element="dc.creator.location" value="LONDON"/>
<dc element="dc.creator.location.country.name" value="UK"/>
<dc element="dc.source" value="Reuters"/>
</metadata>
</newsitem>
