<?xml version="1.0" encoding="iso-8859-1" ?>
<newsitem itemid="37153" id="root" date="1996-09-06" xml:lang="en">
<title>COLOMBIA: Heroin breeds new clan of Colombian drug lords.</title>
<headline>Heroin breeds new clan of Colombian drug lords.</headline>
<byline>Karl Penhaul</byline>
<dateline>BOGOTA, Colombia 1996-09-06</dateline>
<text>
<p>A new generation of drug lords is growing up in Colombia around the booming production and export of heroin, anti-narcotics chief Col. Leonardo Gallego said on Friday.</p>
<p>&quot;There are indications of an emergent trend of new groups becoming involved in the heroin trade,&quot; Gallego told Reuters. But he said this did not rule out participation in the lucrative trade by &quot;existing groups combining or switching the traffic of one substance with another.&quot;</p>
<p>Colombian and U.S. authorities, celebrating last weekend's surrender of the last Cali Cartel kingpin, were hit by figures this week showing that 62 percent of the heroin on U.S. streets comes from South America, much of it from Colombia.</p>
<p>That means that in addition to dominating the U.S. cocaine market, Colombia, and to a lesser extent Venezuela and Peru, have displaced southeast Asia as the major source of heroin.</p>
<p>Gallego, who has headed the anti-narcotics division of the National Police for two years, believes the new U.S. Drug Enforcement Administration estimates are high, but he conceded the emerging pattern is worrying and calculated Colombia could be producing as much as five tonnes of heroin a year.</p>
<p>About 12,000 acres (5,000 hectares) of Colombia's rural drug farms are now sown with opium poppies, anti-narcotics intelligence shows. Some of the crop is in the traditional coffee-producing province of Tolima in central Colombia and in neighbouring Huila and Cauca. Significant harvests are also expected in the northern provinces of Cesar and Guajira.</p>
<p>Poppy cultivation is a recent phenomenon in Colombia, where the export of heroin was unknown before 1991. Gallego said domestic social and economic conditions along with the success of the war on drugs in Southeast Asia had helped displace production to South America.</p>
<p>He said Pakistanis and Afghans had travelled to Colombia to teach cultivation and processing techniques but, judging by discoveries of two clandestine laboratories last month, he said methods did not yet appear too sophisticated.</p>
<p>But the report issued by the DEA in Washington Tuesday said South American heroin flooding the streets of cities across the northeastern United States was 30 percent more pure than the traditional Asian variety.</p>
<p>Colombian authorities have agreed to destroy 9,885 acres (4,000 hectares) of poppy and 44,500 acres (18,000 hectares) of coca leaf this year under a deal signed with the United States in July. Heavy rains and strong winds have hampered the spraying of illegal plantations in the south and east but Gallego said he was confident the target of Latin America's most ambitious eradication programme could be achieved.</p>
<p>Last weekend, tense U.S.-Colombian relations received a boost when Helmer Herrera, the only leader of the Cali-based cocaine cartel still at large, gave himself up. But Gallego warned against overoptimism, saying: &quot;There must be a decrease in the operational capacity of the (Cali) network but results cannot be expected in the short term.&quot;</p>
<p>U.S. drug experts say Cali cartel kingpins continue to run much of their criminal empire from jail. Gallego said there were signs Colombian cartels were even diversifying supply routes away from the United States. Intelligence reports, as yet unconfirmed, say cocaine is being shipped from Colombia to Angola and then transferred to Europe and the Far East.</p>
</text>
<copyright>(c) Reuters Limited 1996</copyright>
<metadata>
<codes class="bip:countries:1.0">
  <code code="COL">
    <editdetail attribution="Reuters BIP Coding Group" action="confirmed" date="1996-09-06"/>
  </code>
</codes>
<codes class="bip:topics:1.0">
  <code code="GCAT">
    <editdetail attribution="Reuters BIP Coding Group" action="confirmed" date="1996-09-06"/>
  </code>
  <code code="GCRIM">
    <editdetail attribution="Reuters BIP Coding Group" action="confirmed" date="1996-09-06"/>
  </code>
</codes>
<dc element="dc.date.created" value="1996-09-06"/>
<dc element="dc.publisher" value="Reuters Holdings Plc"/>
<dc element="dc.date.published" value="1996-09-06"/>
<dc element="dc.source" value="Reuters"/>
<dc element="dc.creator.location" value="BOGOTA, Colombia"/>
<dc element="dc.creator.location.country.name" value="COLOMBIA"/>
<dc element="dc.source" value="Reuters"/>
</metadata>
</newsitem>
