<?xml version="1.0" encoding="iso-8859-1" ?>
<newsitem itemid="58126" id="root" date="1996-09-17" xml:lang="en">
<title>COLOMBIA: Colombian president pushes for tougher drug laws.</title>
<headline>Colombian president pushes for tougher drug laws.</headline>
<byline>Karl Penhaul</byline>
<dateline>BOGOTA 1996-09-17</dateline>
<text>
<p>President Ernesto Samper, moving to reverse Colombia's status as an international drug pariah, urged Congress on Tuesday to quickly approve tougher anti-narcotics laws.</p>
<p>Samper submitted legislation in mid-July to stiffen sentences for drug trafficking and to permit the confiscation of drug barons' property, but the measures are still tied up in Congress.</p>
<p>&quot;I ask Congress to give urgent consideration to this (anti-drug) proposal,&quot; Samper said in a letter to lawmakers.</p>
<p>He said the judicial reforms &quot;reflect the government's unequivocal commitment to end drug trafficking and organised crime&quot; and would &quot;bring national laws into line with international parameters on drug trafficking and money laundering as laid down by the United Nations.&quot;</p>
<p>By speeding up the measures, government officials say Samper has his eye on restoring Washington's faith in Colombia's anti-narcotics efforts.</p>
<p>Washington decertified Colombia as a partner in the global struggle against drugs in March, branding it a virtual outcast state. The government hopes to regain U.S. certification in March 1997, a government source said.</p>
<p>Political analysts have noted that no country decertified by Washington has ever had the measure lifted, however, and Samper's alleged ties to drug lords weigh strongly against any move by the Clinton administration to let Colombia off the hook.</p>
<p>Fabio Ochoa, the youngest of a drug trafficking family linked to the once-powerful Medellin cartel, was released from prison on Monday after less than six years behind bars.</p>
<p>U.S. drug experts have criticised the light sentences imposed on Colombian drug barons and say they continue to run their illicit activities from jail.</p>
<p>Samper initially said the tougher sentencing could mean convicted drug traffickers spending up to 60 years in prison. But in the bill presented to Congress, the maximum sentence envisaged adds up to little more than one-third of that term.</p>
<p>Despite Samper's push to regain U.S. certification, he has not yet submitted any bill that would reestablish extradition for drug traffickers. An extradition treaty with the United States was suspended with a constitutional reform in 1991, introduced against the background of a campaign of terror waged by major drug barons in the late 1980s and early 1990s.</p>
</text>
<copyright>(c) Reuters Limited 1996</copyright>
<metadata>
<codes class="bip:countries:1.0">
  <code code="COL">
    <editdetail attribution="Reuters BIP Coding Group" action="confirmed" date="1996-09-17"/>
  </code>
</codes>
<codes class="bip:topics:1.0">
  <code code="GCAT">
    <editdetail attribution="Reuters BIP Coding Group" action="confirmed" date="1996-09-17"/>
  </code>
  <code code="GCRIM">
    <editdetail attribution="Reuters BIP Coding Group" action="confirmed" date="1996-09-17"/>
  </code>
  <code code="GPOL">
    <editdetail attribution="Reuters BIP Coding Group" action="confirmed" date="1996-09-17"/>
  </code>
</codes>
<dc element="dc.date.created" value="1996-09-17"/>
<dc element="dc.publisher" value="Reuters Holdings Plc"/>
<dc element="dc.date.published" value="1996-09-17"/>
<dc element="dc.source" value="Reuters"/>
<dc element="dc.creator.location" value="BOGOTA"/>
<dc element="dc.creator.location.country.name" value="COLOMBIA"/>
<dc element="dc.source" value="Reuters"/>
</metadata>
</newsitem>
