<?xml version="1.0" encoding="iso-8859-1" ?>
<newsitem itemid="82677" id="root" date="1996-09-27" xml:lang="en">
<title>SINGAPORE: Six Singaporeans hanged for drug trafficking.</title>
<headline>Six Singaporeans hanged for drug trafficking.</headline>
<dateline>SINGAPORE 1996-09-27</dateline>
<text>
<p>Six Singaporeans were hanged on Friday for drug trafficking, the prisons department said.</p>
<p>One of those executed was of Indian descent, another of Malay descent and the rest of Chinese, an official said. No further details were available.</p>
<p>Four people were hanged in Singapore on the previous Friday for drug trafficking.</p>
<p>Singapore's tough drug laws include a mandatory death sentence for anyone over 18 years of age found guilty of trafficking in more than 15 grams (half an ounce) of heroin, 30 grams (an ounce) of morphine or 500 grams (18 oz) of cannabis.</p>
<p>Of the nearly 280 people hanged for various crimes in Singapore since 1975, over half have been for drug-related offences.</p>
</text>
<copyright>(c) Reuters Limited 1996</copyright>
<metadata>
<codes class="bip:countries:1.0">
  <code code="SINGP">
    <editdetail attribution="Reuters BIP Coding Group" action="confirmed" date="1996-09-27"/>
  </code>
</codes>
<codes class="bip:topics:1.0">
  <code code="GCAT">
    <editdetail attribution="Reuters BIP Coding Group" action="confirmed" date="1996-09-27"/>
  </code>
  <code code="GCRIM">
    <editdetail attribution="Reuters BIP Coding Group" action="confirmed" date="1996-09-27"/>
  </code>
</codes>
<dc element="dc.date.created" value="1996-09-27"/>
<dc element="dc.publisher" value="Reuters Holdings Plc"/>
<dc element="dc.date.published" value="1996-09-27"/>
<dc element="dc.source" value="Reuters"/>
<dc element="dc.creator.location" value="SINGAPORE"/>
<dc element="dc.creator.location.country.name" value="SINGAPORE"/>
<dc element="dc.source" value="Reuters"/>
</metadata>
</newsitem>
