<?xml version="1.0" encoding="iso-8859-1" ?>
<newsitem itemid="18235" id="root" date="1996-08-28" xml:lang="en">
<title>USA: College savings tips for parents.</title>
<headline>College savings tips for parents.</headline>
<byline>Linda Stern</byline>
<dateline>WASHINGTON</dateline>
<text>
<p>Sending a kid off to college this year? Then it's probably too late for financial advice; you're already broke. Between the tuition tab and the August shopping trips for little coffee pots, dorm room shelves and more, more, more, you're probably wondering what's left.</p>
<p>Well, now that the worst is over, there are a few ways to save money, or at least protect the little you have left, while your child enjoys that first year of balancing books with too much fun. I hope this helps.</p>
<p>-- Notify your auto insurance company, and watch your rates go down. If all the cars stay home while your child moves at least 100 miles away, the rates will drop substantially. They'll drop, too, if she takes the car with her but attends school in a town your insurance company considers safer than the one you are in now. What's typical? A $1,430 annual premium will drop to $700 if the car stays home, says one company. And she's still covered when she takes it out on vacations and over the summer.</p>
<p>-- Another thing about insurance: If your child lives in the dorm, your homeowner's policy probably covers her computer and CD player. Once she moves off campus, she's on her own, and should consider a renter's policy.</p>
<p>-- Learn to love e-mail. Even if you're behind the curve, your kid won't be. Most college students get their electronic mail addresses when they get their student IDs, and they have free access. You could chat daily and really keep in touch without spending for all those long-distance calls.</p>
<p>-- Alternatively, consider getting your own 800 number. For $4.50 a month, AT&amp;T will set you up to receive calls from anyone. You pay for the calls, but with a discount plan you can cut the cost of the calls to 17 cents a minute. This is especially convenient if you have more than one child living away from home. Primarily for convenience, this will save money when compared with the pre-paid calling cards many students use instead.</p>
<p>-- Debit, not credit. College towns are light years ahead of the rest of us when it comes to smart cards. Many student ID cards have chips that hold cash, and the stores surrounding the campus will take them like money. This may keep your child from wasting or losing loose change. And it will certainly keep him from running up too much debt on credit cards he can't pay off.</p>
<p>-- Go on the plan. The level payment plan that many colleges now offer make tuition an easier nut to crack.  When you pay monthly instead of all at once at the beginning of the year, you can delay the inevitable day of borrowing, and keep money in the bank earning interest a little longer.</p>
<p>-- Liquidate your child's account first. Does your family have to pay $12,000 this year? And your daughter's account has $9,000 in it? Use it to pay the first $9,000, then front any money she needs for other expenses yourself. Next year, when she's filling out all those aid forms, her money won't count against her.</p>
<p>-- Book flights now for Thanksgiving, winter break and other visits home. The earlier you book, the more likely you are to get a discount on fares.</p>
<p>-- Don't buy too much stuff. Refrigerators, computers, lamps, stereos can come in handy, but your child may not need them to start. Many schools offer computer centres, and many roommates come with stereos and refrigerators. You may worry that items will be more expensive in the college town, but that's not always the case. Older students moving on may be trying to unload the same things your child is seeking.</p>
<p>(You can Email Linda Stern at 72160.1546@compuserve.com or write to her in care of Reuters, Suite 410, 1333 H St., NW, Washington, DC 20005. She regrets that she cannot answer each letter individually, but will cover your questions in upcoming columns.)</p>
</text>
<copyright>(c) Reuters Limited 1996</copyright>
<metadata>
<codes class="bip:countries:1.0">
  <code code="USA">
    <editdetail attribution="Reuters BIP Coding Group" action="confirmed" date="1996-08-28"/>
  </code>
</codes>
<codes class="bip:topics:1.0">
  <code code="GCAT">
    <editdetail attribution="Reuters BIP Coding Group" action="confirmed" date="1996-08-28"/>
  </code>
</codes>
<dc element="dc.publisher" value="Reuters Holdings Plc"/>
<dc element="dc.date.published" value="1996-08-28"/>
<dc element="dc.source" value="Reuters"/>
<dc element="dc.creator.location" value="WASHINGTON"/>
<dc element="dc.creator.location.country.name" value="USA"/>
<dc element="dc.source" value="Reuters"/>
</metadata>
</newsitem>
