<?xml version="1.0" encoding="iso-8859-1" ?>
<newsitem itemid="60483" id="root" date="1996-09-18" xml:lang="en">
<title>USA: UAW's Ford council approves new labor pact.</title>
<headline>UAW's Ford council approves new labor pact.</headline>
<dateline>DETROIT 1996-09-18</dateline>
<text>
<p>The United Auto Workers union said its National Ford Council unanimously approved a new labor agreement with Ford Motor Co on Wednesday, clearing the way for a ratification vote by the automaker's 105,000 UAW hourly workers.</p>
<p>UAW spokesman Karl Mantyla said voting by local unions may begin this weekend, and is expected to be completed by September 29.  </p>
<p>Members of the 200-person council, made up of local leaders at Ford's 70 U.S. assembly and parts plants and other facilities, said they were pleased with the accord, which offers broad job guarantees and generous economic gains.</p>
<p>&quot;It's the best agreement we've had since 1976 and we had to strike to get that,&quot; said Glenn Maxwell, a bargaining committee member at UAW Local 900 at Ford's truck plant in Wayne, Mich.</p>
<p>Workers said they were particularly happy with the wage increases, pension gains and $1,000-per-child allowance for college tuition assistance.</p>
<p>Bruce Click, from local 2000 in Avon Lake, Ohio, said he is not completely satisfied with all aspects of the deal, but added that &quot;It's probably one of the best that we've gotten.&quot;</p>
</text>
<copyright>(c) Reuters Limited 1996</copyright>
<metadata>
<codes class="bip:countries:1.0">
  <code code="USA">
    <editdetail attribution="Reuters BIP Coding Group" action="confirmed" date="1996-09-18"/>
  </code>
</codes>
<codes class="bip:industries:1.0">
  <code code="I35101">
    <editdetail attribution="Reuters BIP Coding Group" action="confirmed" date="1996-09-18"/>
  </code>
</codes>
<codes class="bip:topics:1.0">
  <code code="C42">
    <editdetail attribution="Reuters BIP Coding Group" action="confirmed" date="1996-09-18"/>
  </code>
  <code code="CCAT">
    <editdetail attribution="Reuters BIP Coding Group" action="confirmed" date="1996-09-18"/>
  </code>
  <code code="E41">
    <editdetail attribution="Reuters BIP Coding Group" action="confirmed" date="1996-09-18"/>
  </code>
  <code code="ECAT">
    <editdetail attribution="Reuters BIP Coding Group" action="confirmed" date="1996-09-18"/>
  </code>
  <code code="GCAT">
    <editdetail attribution="Reuters BIP Coding Group" action="confirmed" date="1996-09-18"/>
  </code>
  <code code="GJOB">
    <editdetail attribution="Reuters BIP Coding Group" action="confirmed" date="1996-09-18"/>
  </code>
</codes>
<dc element="dc.date.created" value="1996-09-18"/>
<dc element="dc.publisher" value="Reuters Holdings Plc"/>
<dc element="dc.date.published" value="1996-09-18"/>
<dc element="dc.source" value="Reuters"/>
<dc element="dc.creator.location" value="DETROIT"/>
<dc element="dc.creator.location.country.name" value="USA"/>
<dc element="dc.source" value="Reuters"/>
</metadata>
</newsitem>
