<?xml version="1.0" encoding="iso-8859-1" ?>
<newsitem itemid="73550" id="root" date="1996-09-24" xml:lang="en">
<title>USA: Meharry Medical College, Tenn., #Aaa by Moody's.</title>
<headline>Meharry Medical College, Tenn., #Aaa by Moody's.</headline>
<text>
<p>NEW YORK, Sept 24 - Moody's Investors Service -</p>
<p>Rating Announcement As of 09/20/96.</p>
<p>Issuer		: Meharry Medical College Project, Dated</p>
<p>			  12-1-94 (AMBAC)-Metropolitan Government of</p>
<p>			  Nashville &amp; Davidson County Health &amp;</p>
<p>			  Educational Facilities Board</p>
<p>State		 : TN</p>
<p>Rating		: #Aaa</p>
</text>
<copyright>(c) Reuters Limited 1996</copyright>
<metadata>
<codes class="bip:countries:1.0">
  <code code="USA">
    <editdetail attribution="Reuters BIP Coding Group" action="confirmed" date="1996-09-24"/>
  </code>
</codes>
<codes class="bip:topics:1.0">
  <code code="C17">
    <editdetail attribution="Reuters BIP Coding Group" action="confirmed" date="1996-09-24"/>
  </code>
  <code code="C174">
    <editdetail attribution="Reuters BIP Coding Group" action="confirmed" date="1996-09-24"/>
  </code>
  <code code="CCAT">
    <editdetail attribution="Reuters BIP Coding Group" action="confirmed" date="1996-09-24"/>
  </code>
  <code code="E21">
    <editdetail attribution="Reuters BIP Coding Group" action="confirmed" date="1996-09-24"/>
  </code>
  <code code="E212">
    <editdetail attribution="Reuters BIP Coding Group" action="confirmed" date="1996-09-24"/>
  </code>
  <code code="ECAT">
    <editdetail attribution="Reuters BIP Coding Group" action="confirmed" date="1996-09-24"/>
  </code>
</codes>
<dc element="dc.publisher" value="Reuters Holdings Plc"/>
<dc element="dc.date.published" value="1996-09-24"/>
<dc element="dc.source" value="Reuters"/>
<dc element="dc.creator.location.country.name" value="USA"/>
<dc element="dc.source" value="Reuters"/>
</metadata>
</newsitem>
