<?xml version="1.0" encoding="iso-8859-1" ?>
<newsitem itemid="10759" id="root" date="1996-08-23" xml:lang="en">
<title>USA: U.S. FDA OK's Ares-Serono AIDS-wasting drug.</title>
<headline>U.S. FDA OK's Ares-Serono AIDS-wasting drug.</headline>
<dateline>WASHINGTON 1996-08-23</dateline>
<text>
<p>The U.S. Food and Drug Administration said Friday it had granted accelerated approval to Ares-Serono for use of its Serostim drug against AIDS-wasting weight loss in HIV-infected patients.</p>
<p>Results of a clinical trial showed the human growth hormone increased lean body mass by an average 1.6 kg compared to placebo-treated patients, it said in a statement.</p>
<p>Severe lean body mass loss, common among AIDS patients, leads to muscle weakness, organ failure and often to death.</p>
</text>
<copyright>(c) Reuters Limited 1996</copyright>
<metadata>
<codes class="bip:countries:1.0">
  <code code="USA">
    <editdetail attribution="Reuters BIP Coding Group" action="confirmed" date="1996-08-23"/>
  </code>
</codes>
<codes class="bip:industries:1.0">
  <code code="I25700">
    <editdetail attribution="Reuters BIP Coding Group" action="confirmed" date="1996-08-23"/>
  </code>
</codes>
<codes class="bip:topics:1.0">
  <code code="C13">
    <editdetail attribution="Reuters BIP Coding Group" action="confirmed" date="1996-08-23"/>
  </code>
  <code code="C22">
    <editdetail attribution="Reuters BIP Coding Group" action="confirmed" date="1996-08-23"/>
  </code>
  <code code="CCAT">
    <editdetail attribution="Reuters BIP Coding Group" action="confirmed" date="1996-08-23"/>
  </code>
  <code code="GCAT">
    <editdetail attribution="Reuters BIP Coding Group" action="confirmed" date="1996-08-23"/>
  </code>
  <code code="GHEA">
    <editdetail attribution="Reuters BIP Coding Group" action="confirmed" date="1996-08-23"/>
  </code>
</codes>
<dc element="dc.date.created" value="1996-08-23"/>
<dc element="dc.publisher" value="Reuters Holdings Plc"/>
<dc element="dc.date.published" value="1996-08-23"/>
<dc element="dc.source" value="Reuters"/>
<dc element="dc.creator.location" value="WASHINGTON"/>
<dc element="dc.creator.location.country.name" value="USA"/>
<dc element="dc.source" value="Reuters"/>
</metadata>
</newsitem>
