<?xml version="1.0" encoding="iso-8859-1" ?>
<newsitem itemid="33970" id="root" date="1996-09-05" xml:lang="en">
<title>CANADA: Zeneca gets Canadian approval for drug.</title>
<headline>Zeneca gets Canadian approval for drug.</headline>
<dateline>TORONTO 1996-09-05</dateline>
<text>
<p>Zeneca Pharmaceuticals, a unit of Zeneca Group Plc, said it received approval from Canada's Health Protection Branch for its breast cancer drug Arimidex, which reduces treatment side effects for patients with advanced cases.</p>
<p>Spokeswoman Vanessa Eaton said the drug had a potential market of 20,000 patients in Canada. If half decided to use the drug, Zeneca had potential sales of C$1 million, Eaton said. Arimidex reduces side effects such as weight gain, which helps enhance a person's self-esteem, Eaton said. About one in nine Canadian women will develop breast cancer.</p>
</text>
<copyright>(c) Reuters Limited 1996</copyright>
<metadata>
<codes class="bip:countries:1.0">
  <code code="CANA">
    <editdetail attribution="Reuters BIP Coding Group" action="confirmed" date="1996-09-05"/>
  </code>
</codes>
<codes class="bip:industries:1.0">
  <code code="I25700">
    <editdetail attribution="Reuters BIP Coding Group" action="confirmed" date="1996-09-05"/>
  </code>
</codes>
<codes class="bip:topics:1.0">
  <code code="C13">
    <editdetail attribution="Reuters BIP Coding Group" action="confirmed" date="1996-09-05"/>
  </code>
  <code code="C22">
    <editdetail attribution="Reuters BIP Coding Group" action="confirmed" date="1996-09-05"/>
  </code>
  <code code="CCAT">
    <editdetail attribution="Reuters BIP Coding Group" action="confirmed" date="1996-09-05"/>
  </code>
</codes>
<dc element="dc.date.created" value="1996-09-05"/>
<dc element="dc.publisher" value="Reuters Holdings Plc"/>
<dc element="dc.date.published" value="1996-09-05"/>
<dc element="dc.source" value="Reuters"/>
<dc element="dc.creator.location" value="TORONTO"/>
<dc element="dc.creator.location.country.name" value="CANADA"/>
<dc element="dc.source" value="Reuters"/>
</metadata>
</newsitem>
