<?xml version="1.0" encoding="iso-8859-1" ?>
<newsitem itemid="43241" id="root" date="1996-09-10" xml:lang="en">
<title>USA: PLC says heart laser is shown effective.</title>
<headline>PLC says heart laser is shown effective.</headline>
<dateline>FRANKLIN, Mass. 1996-09-10</dateline>
<text>
<p>A clinical study has shown PLC Systems Inc's C02 Heart Laser treatment is more effective than standard medical or drug therapy in patients with late-stage heart disease, the company said on Tuesday.</p>
<p>PLC said the U.S. Food and Drug Administration agreed to allow PLC to stop the randomization of patients to an arm of the study where they received medical therapy rather than the Heart Laser treatment.</p>
<p>In the randomized study, 71 percent of patients who received transmyocardial revascularization (TMR) using the Heart Laser showed a decrease of at least two angina classes.</p>
</text>
<copyright>(c) Reuters Limited 1996</copyright>
<metadata>
<codes class="bip:countries:1.0">
  <code code="USA">
    <editdetail attribution="Reuters BIP Coding Group" action="confirmed" date="1996-09-10"/>
  </code>
</codes>
<codes class="bip:industries:1.0">
  <code code="I34400">
    <editdetail attribution="Reuters BIP Coding Group" action="confirmed" date="1996-09-10"/>
  </code>
</codes>
<codes class="bip:topics:1.0">
  <code code="C13">
    <editdetail attribution="Reuters BIP Coding Group" action="confirmed" date="1996-09-10"/>
  </code>
  <code code="C23">
    <editdetail attribution="Reuters BIP Coding Group" action="confirmed" date="1996-09-10"/>
  </code>
  <code code="CCAT">
    <editdetail attribution="Reuters BIP Coding Group" action="confirmed" date="1996-09-10"/>
  </code>
</codes>
<dc element="dc.date.created" value="1996-09-10"/>
<dc element="dc.publisher" value="Reuters Holdings Plc"/>
<dc element="dc.date.published" value="1996-09-10"/>
<dc element="dc.source" value="Reuters"/>
<dc element="dc.creator.location" value="FRANKLIN, Mass."/>
<dc element="dc.creator.location.country.name" value="USA"/>
<dc element="dc.source" value="Reuters"/>
</metadata>
</newsitem>
