<?xml version="1.0" encoding="iso-8859-1" ?>
<newsitem itemid="44714" id="root" date="1996-09-10" xml:lang="en">
<title>USA: Sonics &amp; Materials Inc Q4 full results.</title>
<headline>Sonics &amp; Materials Inc Q4 full results.</headline>
<dateline>DANBURY, Conn. 1996-09-10</dateline>
<text>
<p>Quarter ended June 30,</p>
<p>							    1996	1995</p>
<p> Net Sales				     $ 2,404,104$ 2,511,796</p>
<p> Cost of Sales				   1,521,848  1,007,277</p>
<p>     Gross Profit				  882,156  1,504,519</p>
<p>Operating Expenses</p>
<p>   Total Operating Expenses		    847,832    854,714</p>
<p>Other Income (Expense)</p>
<p>   Total Other Income (Expense)	     (22,838)     18,687</p>
<p>     Income Before Income Taxes		 11,586    668,492</p>
<p> Provision for Income Taxes		     11,331     26,309</p>
<p>     NET INCOME					  255    642,183</p>
<p>Pro forma information Income before provision</p>
<p>for income taxes (per above)		    11,586    668,492</p>
<p>Subchapter S stockholder's tax</p>
<p>   distributions recorded as salary		 --	   --</p>
<p>Income before provision for income taxes</p>
<p>							  11,586    668,492</p>
<p>   Provision for income taxes		    4,634    267,397</p>
<p>     NET INCOME					6,952    401,095</p>
<p>PRIMARY EPS</p>
<p> Net income per share				 0.01	 0.15</p>
<p> Common shares outstanding		   4,979,946  2,696,000</p>
<p> FULLY DILUTED EPS Net income per share     0.01	 0.15</p>
<p>Weighted average of shares outstanding  4,979,946  2,624,000</p>
<p>					   Twelve Months ended June 30,</p>
<p>							    1996	1995</p>
<p> Net Sales				     $ 9,376,170$ 8,574,845</p>
<p> Cost of Sales				   5,091,789  4,228,024</p>
<p>     Gross Profit				4,284,381  4,346,821</p>
<p>Operating Expenses </p>
<p>   Total Operating Expenses		  3,793,261  3,582,037</p>
<p>Other Income (Expense)</p>
<p>   Total Other Income (Expense)	     (54,810)     14,934</p>
<p>     Income Before Income Taxes		436,310    779,718</p>
<p> Provision for Income Taxes		    (8,000)     45,000</p>
<p>     NET INCOME				    444,310    734,718</p>
<p>Pro forma information Income before provision for income taxes</p>
<p>   (per above)				     436,310    779,718</p>
<p>Subchapter S stockholder's tax</p>
<p>   distributions recorded as salary		 --    160,000</p>
<p>Income before provision for income taxes   436,310    939,718</p>
<p>   Provision for income taxes		  174,524    375,887</p>
<p>     NET INCOME				    261,786    563,831</p>
<p> PRIMARY EPS Net income per share		 0.09	 0.22</p>
<p> Common shares outstanding		   3,409,303  2,624,000</p>
<p> FULLY DILUTED EPS Net income per share	0.08	 0.22</p>
<p>Weighted average of shares outstanding  3,440,770  2,624,000 -- New York Newsdesk 212-859-1610.</p>
</text>
<copyright>(c) Reuters Limited 1996</copyright>
<metadata>
<codes class="bip:countries:1.0">
  <code code="USA">
    <editdetail attribution="Reuters BIP Coding Group" action="confirmed" date="1996-09-10"/>
  </code>
</codes>
<codes class="bip:topics:1.0">
  <code code="C15">
    <editdetail attribution="Reuters BIP Coding Group" action="confirmed" date="1996-09-10"/>
  </code>
  <code code="C151">
    <editdetail attribution="Reuters BIP Coding Group" action="confirmed" date="1996-09-10"/>
  </code>
  <code code="C1511">
    <editdetail attribution="Reuters BIP Coding Group" action="confirmed" date="1996-09-10"/>
  </code>
  <code code="CCAT">
    <editdetail attribution="Reuters BIP Coding Group" action="confirmed" date="1996-09-10"/>
  </code>
</codes>
<dc element="dc.date.created" value="1996-09-10"/>
<dc element="dc.publisher" value="Reuters Holdings Plc"/>
<dc element="dc.date.published" value="1996-09-10"/>
<dc element="dc.source" value="Reuters"/>
<dc element="dc.creator.location" value="DANBURY, Conn."/>
<dc element="dc.creator.location.country.name" value="USA"/>
<dc element="dc.source" value="Reuters"/>
</metadata>
</newsitem>
