<?xml version="1.0" encoding="iso-8859-1" ?>
<newsitem itemid="5177" id="root" date="1996-08-21" xml:lang="en">
<title>USA: Scales tip against Jenny Craig on drug fears.</title>
<headline>Scales tip against Jenny Craig on drug fears.</headline>
<byline>Mark Egan</byline>
<dateline>LOS ANGELES 1996-08-21</dateline>
<text>
<p>Shares of weight-loss giant Jenny Craig Inc. fell more than 30 percent on Wednesday on fears that Americans' appetites have been suppressed for now by a new weight-loss drug.</p>
<p>Shares of Del Mar, Calif.-based Jenny Craig lost $5.625 to $11.50 on the New York Stock Exchange, where it was the biggest percentage loser of the day.</p>
<p>Jenny Craig was not available to comment but issued a statement reiterating comments made on Tuesday that new weight-loss drugs were responsible for recent soft demand during the normally slow summer period.</p>
<p>The company said it saw the problem as short-lived, adding that it has had encouraging results from a trial of a new weight-loss programme that incorporates weight-loss drugs.</p>
<p>Analysts, however, questioned whether Jenny Craig can justifiably blame weak demand on the new drugs.</p>
<p>&quot;It doesn't quite make sense. There are a lot of people that would go to a diet centre but they wouldn't run off to a doctor for a presciption,&quot; said David Crossen, an analyst at Montgomery Securities.</p>
<p>Jenny Craig said that Redux, the new appetite suppressant drug made by Interneuron Pharmaceuticals Inc., will be a challenge for the coming year. But analysts said Redux was not the enemy.</p>
<p>&quot;The availability of a drug shifts the paradigm for diets in the sense that it makes it a lot easier for a diet to work if you're taking a drug,&quot; Crossen said. &quot;Redux is a natural ally of Jenny Craig.&quot;</p>
<p>Crossen said that some 400,000 people are using Redux, but that the drug was most effective as part of a diet because it suppresses hunger only temporarily.</p>
<p>&quot;The reality is that Redux makes you feel like you're full. But if every time that you did feel like eating, you ate chocolate sundaes, you wouldn't lose that much weight. You've got to use Redux with a diet,&quot; he said.</p>
<p>Crossen said he expects a growing number of Redux users to turn to diet centres, such as Jenny Craig, for help as use of the drug becomes more popular.</p>
<p>Robert Cummins, an analyst at Schroder Wertheim &amp; Co., questioned whether Americans, known as the people most prone to obesity, weren't simply growing tired of trying to lose weight.</p>
<p>&quot;The consensus seems to be that the weight loss industry has been losing ground over the past several years -- maybe because people have become disillusioned with the concept of signing up for a programme to help them lose weight,&quot; he said.</p>
<p>Cummins noted that Jenny Craig and H.J. Heinz's Weightwatchers get a lot of repeat customers, indicating that &quot;it's not a permanent solution.&quot;</p>
<p>Crossen agrees that part of the problem may be simply that diet centres do not work.</p>
<p>&quot;Diet centres traditionally have not been very successful at what they've done. People fail at diets because they get hungry,&quot; he said. &quot;Americans are getting fatter and fatter every decade.&quot;</p>
<p>Earlier on Wednesday CS First Boston analyst Rebecca Yarchover cut her rating on Jenny Craig to hold from buy. Yarchover declined to comment on her reasons.</p>
</text>
<copyright>(c) Reuters Limited 1996</copyright>
<metadata>
<codes class="bip:countries:1.0">
  <code code="USA">
    <editdetail attribution="Reuters BIP Coding Group" action="confirmed" date="1996-08-21"/>
  </code>
</codes>
<codes class="bip:industries:1.0">
  <code code="I25700">
    <editdetail attribution="Reuters BIP Coding Group" action="confirmed" date="1996-08-21"/>
  </code>
  <code code="I95100">
    <editdetail attribution="Reuters BIP Coding Group" action="confirmed" date="1996-08-21"/>
  </code>
</codes>
<codes class="bip:topics:1.0">
  <code code="C15">
    <editdetail attribution="Reuters BIP Coding Group" action="confirmed" date="1996-08-21"/>
  </code>
  <code code="C152">
    <editdetail attribution="Reuters BIP Coding Group" action="confirmed" date="1996-08-21"/>
  </code>
  <code code="CCAT">
    <editdetail attribution="Reuters BIP Coding Group" action="confirmed" date="1996-08-21"/>
  </code>
</codes>
<dc element="dc.date.created" value="1996-08-21"/>
<dc element="dc.publisher" value="Reuters Holdings Plc"/>
<dc element="dc.date.published" value="1996-08-21"/>
<dc element="dc.source" value="Reuters"/>
<dc element="dc.creator.location" value="LOS ANGELES"/>
<dc element="dc.creator.location.country.name" value="USA"/>
<dc element="dc.source" value="Reuters"/>
</metadata>
</newsitem>
